id,first_name,last_name,email,sex,birthday,category_preference_id,street,house_number,city_id,is_premium
1,Jennifer,Lemke,jenniferlemke@gmx.de,w,1984-01-05 00:00:00,8,Henry-Dunant-Ring,139,998,1
2,Jonas,Hoffmann,jonas.hoffmann1972@aol.com,m,1972-08-26 00:00:00,,Atrium,75,501,0
3,Leonie,Winkler,leoniewinkler@gmx.de,w,2004-12-07 00:00:00,10,Am Anger,192,1969,1
4,Lucas,Schultz,lucasschultz@yahoo.de,m,1995-11-26 00:00:00,1,Kurze Straße,102,81,0
5,Heinz,Reuter,heinzreuter@web.de,m,1964-11-10 00:00:00,7,Auf dem Emmerich,30,698,0
6,Sören,Rademacher,srademacher@t-online.de,m,1988-03-22 00:00:00,8,Am Menzog,32,383,0
7,Daniela,Wilke,daniela.wilke@dwilke.de,w,1971-12-04 00:00:00,9,Uhlandstraße,30,1563,1
8,Philipp,Graf,graf.philipp1992@gmx.de,m,1992-10-29 00:00:00,7,Ysenburgerstraße,111,971,0
9,Sebastian,Wagner,sebastianwagner1974@gmx.de,m,1974-12-20 00:00:00,8,Oberaulaer Straße,67,1769,0
10,Horst,Enders,h.enders@yahoo.de,d,1969-06-05 00:00:00,5,Mittelstraße,26,2363,0
11,Jana,Lehmann,lehmann-jana79@gmx.net,w,1979-12-13 00:00:00,,Goethestraße,25,318,1
12,Susanne,Koch,susanne.koch60@gmx.de,Keine Angabe,1960-07-23 00:00:00,10,Zur Schanze,4,27,0
13,Manja,Bühler,buehler-manja@gmail.com,w,1978-02-05 00:00:00,4,Breslauer Straße,25,1212,1
14,Matthias,Gebhardt,matthias_gebhardt@t-online.de,m,1976-05-08 00:00:00,8,Hans-Glas-Straße,72,2403,0
15,Jeannette,Heise,jeannetteheise@gmail.com,w,1967-11-02 00:00:00,4,Erlenweg,8,1645,1
16,Felix,Weidner,felix.weidner1993@web.de,m,1993-04-10 00:00:00,10,Brunnenstraße,12,1899,0
17,Peter,Schröder,pschroeder@gmx.de,m,1992-11-09 00:00:00,7,Industriestraße,60,738,0
18,Rosemarie,Meißner,romeissner@gmx.de,w,1959-10-14 00:00:00,3,Otto-Haese-Straße,145,911,1
19,Maria,Reimer,maria.reimer@yahoo.mail,w,1996-08-25 00:00:00,7,Nordstraße,45,1809,1
20,Gerd,Cramer,gerd_cramer@me.com,m,1971-08-13 00:00:00,8,Rosenweg,9,1797,0
21,Philip,Hoffmann,phoffmann@web.de,m,1985-01-19 00:00:00,7,Am Hermesgarten,40,1364,0
22,Lena,Schaller,lena_schaller@outlook.com,w,2010-04-27 00:00:00,10,Ringstraße,25,1739,1
23,Jessica,Groß,jessica-gross@outlook.com,w,1969-05-08 00:00:00,4,Im Fischfeld,17,925,1
24,Phil,Steinke,philsteinke@gmail.com,m,2006-07-14 00:00:00,10,Auf dem Melmes,111,1720,0
25,Swen,Heinrich,heinrichswen@web.de,m,1974-07-06 00:00:00,11,Holunderweg,23,675,0
26,Dustin,Zander,dustinzander@gmx.de,m,1997-04-16 00:00:00,7,Eichenweg,23,51,0
27,Isabella,Scheer,scheerisabella88@mail.de,w,1988-02-15 00:00:00,3,Hölderlinstraße,224,372,1
28,Letizia,Dreher,letiziadreher2002@gmx.net,w,2002-05-11 00:00:00,10,Neue Straße,1,2134,1
29,Julia,Keller,juliakeller1998@gmx.de,w,1998-05-26 00:00:00,11,Im tiefen Teich,12,1921,1
30,Maximilian,Krause,maximiliankrause@gmx.de,m,1990-07-16 00:00:00,3,Beckersberg,36,1823,0
31,Lidia,Reinhardt,lidiareinhardt1959@gmail.com,w,1959-05-09 00:00:00,12,Feldstraße,50,2451,1
32,Stefanie,Sattler,stefanie.sattler@gmail.com,w,1981-04-12 00:00:00,3,Am Mühlstein,34,2126,1
33,Annika,Dietz,annika_dietz93@t-online.de,w,1993-01-15 00:00:00,7,Hof Oberhöhl,14,1727,1
34,Neele,Müller,nmueller@web.de,w,2005-10-27 00:00:00,13,Große Gallusstraße,25,1155,1
35,Petra,Lehner,p_lehner@gmx.net,w,1967-10-08 00:00:00,7,Kastanienweg,159,1192,1
36,Jan,Schulz,jan.schulz@yahoo.mail,m,1995-02-27 00:00:00,,Stettiner Straße,47,2528,0
37,Ramona,Nowak,nowakr1979@yahoo.de,w,1979-01-26 00:00:00,4,Ginsterweg,11,1054,1
38,Nils,Wagner,nwagner1967@freenet.de,m,1967-11-04 00:00:00,2,Mühlenstraße,38,3416,0
39,Thomas,Werner,thomas.werner@gmx.de,m,1971-11-02 00:00:00,4,Talstraße,28,1385,0
40,Alexandra,Hauser,hauser_alexandra@1und1.de,w,1983-02-09 00:00:00,8,Frauensteiner Weg,85,1761,1
41,Constantin,Specht,specht.constantin@gmail.com,m,1986-02-21 00:00:00,3,Filzweg,53,505,0
42,Katja,Büscher,katjabuescher1997@gmx.de,w,1997-02-11 00:00:00,10,Am Knittelberg,5,687,1
43,Michaela,Merten,mmerten@web.de,w,1968-09-23 00:00:00,3,Weychardtsweg,36,3182,1
44,Silke,Karl,silke-karl1968@gmx.de,w,1968-10-19 00:00:00,6,Hinter dem Höfchen,16,767,1
45,Daniel,Küster,daniel.kuester@gmx.de,m,1998-11-07 00:00:00,10,Riedmühlstraße,18,2552,0
46,René,Bartsch,rene_bartsch@aol.com,m,1969-10-18 00:00:00,9,Am Hofböhl,6,2596,0
47,Bennet,Weise,bennet.weise@web.de,m,2001-02-02 00:00:00,5,Am Weigelsgarten,43,2977,0
48,Lucas,Brandt,lubrandt05@gmail.com,m,2005-01-05 00:00:00,5,Buchenweg,96,98,0
49,Susann,Klein,susannklein@t-online.de,w,1982-08-11 00:00:00,3,Am Rechten Weserufer,164,163,1
50,Marc,Schmidt,marc.schmidt@gmx.de,m,2000-09-22 00:00:00,5,Erdbeerenpfad,2,1922,0
51,Peter,Kuhn,kuhnp@gmx.de,m,1999-03-13 00:00:00,10,Kurze Straße,118,1755,0
52,Daniela,Fischer,daniela.fischer84@mail.de,w,1984-03-17 00:00:00,2,Klein-Karbener-Straße,8,478,1
53,Timo,Richter,trichter@gmx.de,m,1996-12-16 00:00:00,7,Königsberger Straße,4,1790,0
54,Juliana,Ries,juliana-ries2001@outlook.com,w,2001-03-02 00:00:00,10,Drosselweg,15,2557,1
55,Karin,Röder,karinroeder1977@web.de,w,1977-03-14 00:00:00,8,Habergstraße,55,1487,1
56,Mario,Haas,mario_haas@gmail.com,m,1996-10-02 00:00:00,10,Brunnenstraße,192,1736,0
57,Guido,Orth,orthguido@icloud.com,m,1969-03-25 00:00:00,9,Albert-Schweitzer-Weg,88,1809,0
58,Jan,Mayer,janmayer@gmail.com,m,1998-08-18 00:00:00,5,Vor der Buch,45,1875,0
59,Bettina,Adams,b_adams@t-online.de,w,1984-06-21 00:00:00,3,Am Posthof,26,2065,1
60,Isabella,Wessels,isabella.wessels85@gmx.de,w,1985-08-10 00:00:00,3,Urbanstraße,49,1085,1
61,Anna,Rau,annarau@1und1.de,w,1966-02-06 00:00:00,4,Schulweg,25,24,1
62,Steffen,Wilde,steffenwilde@web.de,m,1982-04-16 00:00:00,3,Erhardstraße,34,1265,0
63,Dana,Dietz,da_dietz1988@gmx.de,w,1988-05-27 00:00:00,9,Montmeyraner Straße,1,1702,1
64,Björn,Miller,b.miller@freenet.de,m,1995-04-30 00:00:00,10,Dorothea-Schlegel-Straße,30,1167,0
65,Stefanie,Berger,stefanieberger@icloud.com,d,1982-10-31 00:00:00,3,Goethestraße,157,2859,0
66,Michael,Hannemann,m-hannemann75@gmx.de,m,1975-02-14 00:00:00,8,Wohrataler Straße,6,3300,0
67,Richard,Schramm,richard-schramm@gmx.de,Keine Angabe,1970-03-09 00:00:00,4,Professor-Sell-Straße,1,2319,0
68,Gertrud,Müller,gertrud-mueller@gmx.net,w,1958-09-06 00:00:00,5,Rauschbergstraße,59,232,1
69,Holger,Noll,holger-noll15@gmx.de,m,1975-04-25 00:00:00,8,Richard-Wagner-Straße,23,2755,0
70,Carmen,Pohl,carmenpohl@yahoo.de,w,1968-12-05 00:00:00,5,Dreispitzstraße,56,1835,1
71,Emily,Uhlig,emilyuhlig@yahoo.de,w,2002-02-25 00:00:00,,Unter den Brückenbergen,28,2614,1
72,Christopher,Walter,christopher_walter@yahoo.mail,m,1974-10-01 00:00:00,4,Klapperfeld,4,2255,0
73,Anna,Schmidt,anna.schmidt@outlook.com,w,2002-03-04 00:00:00,12,Alte Dorfstraße,50,1604,1
74,Simone,Meyer,simone-meyer@aol.com,w,1965-10-20 00:00:00,4,Schloßstraße,66,2187,1
75,Miriam,Walter,m-walter1978@gmx.de,w,1978-06-25 00:00:00,8,Blaumühlengäßchen,22,1360,1
76,Marvin,Meier,m.meier@me.com,m,1990-11-29 00:00:00,,Im Fischfeld,36,1735,0
77,Sinah,Bräuer,sinah.braeuer@freenet.de,w,1994-01-28 00:00:00,7,An der Landwehr,4,1386,1
78,Timm,Kunze,t-kunze@t-online.de,m,1997-01-17 00:00:00,7,Gewerbepark Untere Au,17,3498,0
79,Simone,Ritter,sritter@aol.com,w,1979-02-20 00:00:00,8,Talstraße,21,1170,1
80,Anna,Peters,petersa1997@web.de,w,1997-05-06 00:00:00,12,Müller-Thurgau-Weg,137,147,1
81,Sabine,Kling,s.kling@web.de,w,1982-12-13 00:00:00,6,Kapellenstraße,58,1408,1
82,Liza,Timm,liza.timm@outlook.com,w,1991-07-20 00:00:00,3,An der Hexeneiche,19,944,1
83,Jan,Schaefer,janschaefer@freenet.de,m,1983-06-13 00:00:00,3,Hans-Bethe-Straße,17,133,0
84,Mats,Müller,muellermats@web.de,m,1991-07-02 00:00:00,3,Friedrich-Ebert-Straße,2,1745,0
85,Simon,Schade,simon.schade1995@t-online.de,m,1995-12-11 00:00:00,,Untere Gartenstraße,22,1630,0
86,Michael,Schwarz,michael.schwarz@gmail.com,m,1962-05-14 00:00:00,7,Sprendlinger Landstraße-Freizeitanlage Orplid,78,2595,0
87,Konstanze,Schröder,kschroeder78@outlook.com,w,1978-07-08 00:00:00,3,Schulweg,65,1253,1
88,Kyra,Frenzel,frenzel.ky@gmail.com,w,2000-03-12 00:00:00,12,Gänseweg,66,1273,1
89,Hans,Schreiber,hans-schreiber2003@freenet.de,m,2003-09-25 00:00:00,5,Am Kirschhang,5,288,0
90,Hannah,Kaiser,kaiserhannah@gmx.de,w,2001-04-10 00:00:00,10,Stückergraben,119,327,1
91,Dorothea,Müller,dorotheamueller60@d-mueller.de,w,1960-03-12 00:00:00,,Zum Schottengrund,18,1167,1
92,Simon,Gruber,simongruber@t-online.de,m,1992-08-18 00:00:00,7,Ulmenstraße,66,108,0
93,Julia,Thoma,julia_thoma94@gmx.de,w,1994-03-17 00:00:00,7,Johann-Carl-Koch-Straße,22,463,1
94,Mehmet,Reif,m.reif1990@web.de,m,1990-10-09 00:00:00,3,Burschheckenweg,7,1124,0
95,Michel,Kruse,krusemichel47@icloud.com,m,1991-07-15 00:00:00,8,Unterer Hellweg,50,1914,0
96,Martina,Thomas,mthomas66@gmail.com,w,1966-01-13 00:00:00,4,Hufelandstraße,2,37,1
97,Thomas,Hübner,thomas-huebner@mail.de,m,1975-10-28 00:00:00,4,An der Landwehr,34,1468,0
98,Alexandra,Weidner,aweidner@web.de,w,1983-10-06 00:00:00,12,Heljehaus,53,194,1
99,Maurice,Eberle,maurice.eberle@gmail.com,m,1996-06-12 00:00:00,2,Am Lorberg,3,3099,0
100,Nina,Müller,n-mueller78@web.de,w,1978-02-23 00:00:00,3,Banater Straße,122,1204,1
101,Regina,Müller,regina_mueller@gmx.de,w,1968-07-24 00:00:00,4,Sonnbergsweg,12,290,1
102,Josephine,Wagner,wagnerj@gmail.com,w,1983-12-26 00:00:00,3,Kibitzmühle,33,1414,1
103,Alexander,Sievers,sieversalexander1975@gmx.de,m,1975-04-20 00:00:00,9,Wilhelm-Passavant-Straße,168,567,0
104,Gunnar,Müller,gu.mueller@gmail.com,m,1971-12-26 00:00:00,,Friedhofstraße,15,256,0
105,Tim,Behr,tim.behr@outlook.com,d,2001-10-28 00:00:00,10,An der Sonder,52,1554,0
106,Fabian,Schwarz,fabian.schwarz71@gmx.de,m,1971-12-25 00:00:00,6,Hermann-Stotz-Straße,253,193,0
107,Katja,Bucher,bucherk1982@aol.com,w,1982-06-21 00:00:00,3,Im welschen Kamp,22,1587,1
108,Tim,Schulz,ti.schulz@icloud.com,m,2010-08-25 00:00:00,10,Corveyer Straße,8,1863,0
109,Enrico,Brinkmann,e-brinkmann79@gmx.de,m,1993-09-13 00:00:00,7,Lattwiesenweg,55,3507,0
110,Sabine,Huth,s-huth66@web.de,w,1966-12-31 00:00:00,7,Hintere Schleifersgasse,72,3453,1
111,Christian,Böhme,christianboehme@1und1.de,m,1972-12-31 00:00:00,11,Hettenpaulshof,79,2728,0
112,Alina,Lechner,alinalechner03@1und1.de,w,2003-07-14 00:00:00,13,Siedlung,53,940,1
113,Nico,Held,heldnico8@t-online.de,m,1998-03-10 00:00:00,5,Poststraße,94,1099,0
114,Sylwia,Altmann,s-altmann@web.de,w,1981-10-10 00:00:00,3,Straße des 17. Juni,67,72,1
115,Frederike,Braun,frederike-braun@outlook.com,w,1982-10-01 00:00:00,8,Köhlergasse,65,2738,1
116,Tom,Berg,tomberg@gmail.com,m,1999-12-17 00:00:00,,Unter-Sorger-Straße,37,791,0
117,Franziska,Bucher,frbucher@t-online.de,w,2001-10-21 00:00:00,10,Zum Steinchen,29,1366,1
118,Leon,Junge,leon.junge39@web.de,Keine Angabe,1995-07-29 00:00:00,3,Erlkönigweg,65,491,0
119,Claudia,Langer,langer.c82@yahoo.de,w,1982-11-16 00:00:00,12,Daspelweg,110,1538,1
120,Mandy,Lorenz,mandy-lorenz75@gmail.com,w,1975-06-14 00:00:00,10,Heinrich-Heine-Straße,11,2459,1
121,Lynn,Niemann,niemannly@gmx.de,w,2007-02-23 00:00:00,12,Rinchweg,9,516,1
122,Florian,Kunze,florian.kunze36@gmx.de,m,1993-07-27 00:00:00,7,Pflanzgarten,54,1733,0
123,Marianne,Stein,mastein@web.de,w,1959-05-05 00:00:00,4,Prinzenstraße,15,2575,1
124,Johanna,Bürger,jobuerger@gmx.net,w,2000-10-26 00:00:00,10,Streitberger Straße,23,2588,1
125,Mohammed,Walter,m-walter@t-online.de,m,2000-12-03 00:00:00,5,Struthbachweg,30,1155,0
126,Natalie,Schütt,natalie_schuett@gmx.de,w,1996-01-15 00:00:00,,Brunnenstraße,28,73,1
127,Nils,Petry,nipetry1993@1und1.de,m,1993-08-29 00:00:00,5,Obere Weingartenstraße,40,1155,0
128,Jannes,Sommerfeld,jannessommerfeld92@web.de,m,1992-04-23 00:00:00,9,An der Kolonie,17,957,0
129,Jörg,Brunner,joerg.brunner@gmx.de,m,1968-01-19 00:00:00,12,Wilhelmstraße,47,2919,0
130,Susanne,Behrens,susannebehrens@outlook.com,w,1989-05-17 00:00:00,8,Seckbacher Landstraße,23,1852,1
131,Sibylle,Rauch,sibylle.rauch1967@outlook.com,w,1967-08-04 00:00:00,7,Edergoldquelle,139,1178,1
132,Gina,Frank,ginafrank@gmx.de,Keine Angabe,1994-02-08 00:00:00,10,Mühlenstraße,12,855,0
133,Ronja,Schulze,ro_schulze@web.de,w,1993-10-08 00:00:00,10,Landsklingel,13,2476,1
134,Jasmin,Krüger,krueger.j@yahoo.mail,w,1995-02-18 00:00:00,7,Amorbacher Weg,35,1803,1
135,Til,Vetter,til.vetter@web.de,m,1980-04-13 00:00:00,3,Weinbergstraße,8,1516,0
136,Anette,Möller,anettemoeller@web.de,w,1982-06-12 00:00:00,11,Am Müllerwäldchen,33,210,1
137,Maren,Renner,marenrenner@gmail.com,w,1984-11-07 00:00:00,4,Kastanienweg,5,1579,1
138,Sara,Gottwald,gottwald.sa@gmail.com,w,1981-08-16 00:00:00,8,Am Nordhang,155,1167,1
139,Claudia,Müller,cl-mueller@outlook.com,w,1986-10-02 00:00:00,8,Mühlenstraße,32,3059,1
140,Yasemin,Weber,weber-yasemin80@web.de,w,1980-05-24 00:00:00,8,Narzissenstraße,55,820,1
141,Andreas,Simon,ansimon1967@gmail.com,m,1967-03-15 00:00:00,7,Nidderweg,63,1592,0
142,Anita,Hesse,ahesse@icloud.com,w,1976-10-11 00:00:00,8,Cuntzstraße,90,2275,1
143,Martha,Elsner,marthaelsner2005@gmx.de,d,2005-06-06 00:00:00,11,Im Herbst,137,504,0
144,Joachim,Sommerfeld,j-sommerfeld@gmail.com,m,1970-08-13 00:00:00,4,Simbachstraße,6,1328,0
145,Stefanie,Neumann,stefanieneumann@web.de,w,1966-05-19 00:00:00,7,Hufelandstraße,3,1172,1
146,Jutta,Schnabel,j.schnabel@yahoo.mail,Keine Angabe,1966-09-14 00:00:00,7,Neuer Weg,161,783,0
147,Kristiane,Maier,kristiane.maier1967@web.de,w,1967-06-27 00:00:00,9,Mulanskystraße,19,526,1
148,Harald,Nagel,harald_nagel@outlook.com,m,1970-11-13 00:00:00,9,Kirchstraße,53,1814,0
149,Janin,Schenk,schenkja@mail.de,w,1984-09-09 00:00:00,8,Am Birkes,17,1726,1
150,Marvin,Moser,marvin-moser@gmx.de,m,2006-11-11 00:00:00,3,Lindenstraße,36,612,0
151,Marleen,Böhme,boehme-m@yahoo.de,w,1996-05-16 00:00:00,2,Zum Steinchen,33,252,1
152,Miriam,Bayer,bayer_miriam1970@outlook.com,w,1970-06-03 00:00:00,7,Im Leuchel,17,2445,1
153,Melanie,Behrens,m.behrens1988@t-online.de,w,1988-07-14 00:00:00,8,Schäferkurtswiese,33,678,1
154,Pia,Trautmann,piatrautmann@gmail.com,w,1995-11-22 00:00:00,7,Sonnenstraße,45,1482,1
155,Anne,Walter,anne_walter63@yahoo.mail,w,2002-10-19 00:00:00,13,Fliederweg,44,941,1
156,Kristof,Wolf,kwolf@aol.com,m,1973-03-22 00:00:00,4,Unterm Berg,37,170,0
157,Nikolas,Moll,nikolasmoll@outlook.com,m,1999-03-30 00:00:00,5,Hauburgsteinweg,114,228,0
158,Martin,Fricke,fricke_martin50@gmx.net,m,1994-05-29 00:00:00,10,Salzgasse,34,2093,0
159,Philipp,Wächter,phwaechter@gmx.de,m,2000-05-13 00:00:00,5,Mittelweg,80,2411,0
160,Bianca,Renner,bianca.renner84@yahoo.de,w,1984-03-17 00:00:00,3,Berliner Straße,3,2692,1
161,Axel,Kilian,axel_kilian@freenet.de,m,1955-02-19 00:00:00,6,Fichtenstraße,84,565,0
162,Sabina,Lehnert,sabinalehnert@web.de,w,1965-06-14 00:00:00,7,Siechhof,159,1938,1
163,Björn,Meißner,meissner-bjoern@gmx.net,m,1976-06-15 00:00:00,4,Georg-Moller-Weg,29,489,0
164,Korinna,Strauß,korinnastrauss@gmail.com,w,1993-10-30 00:00:00,12,Johann-Carl-Koch-Straße,15,267,1
165,Carolin,Buschmann,cabuschmann6@gmx.de,w,1976-05-31 00:00:00,9,Oberstedter Straße,6,726,1
166,Malte,Kühn,ma-kuehn@t-online.de,m,1992-08-22 00:00:00,10,Unter dem Küppel,31,2096,0
167,Daniel,Schwarz,schwarzdaniel@t-online.de,m,1996-02-12 00:00:00,7,Otto-Kämper-Ring,2,733,0
168,Maximilian,Meißner,maximilian.meissner@freenet.de,m,2004-08-10 00:00:00,5,Markschiedsweg,47,1244,0
169,Mats,Schmidt,mschmidt2005@gmail.com,m,2005-01-04 00:00:00,10,Feldweg,21,1995,0
170,Saskia,Behrendt,saskia.behrendt@gmail.com,w,1995-02-05 00:00:00,10,Talweg,58,818,1
171,Andrea,Nowak,andrea_nowak1979@gmx.net,w,1979-11-19 00:00:00,3,Finkenweg,10,2159,1
172,Alexander,Schlegel,alexander.schlegel98@gmx.net,m,1998-02-09 00:00:00,5,Zum kühlen Grund,43,33,0
173,Melanie,Hartwig,hartwig.melanie@yahoo.mail,w,1970-05-21 00:00:00,4,Zum Dellweg,18,105,1
174,Inken,Bittner,inken-bittner@gmx.de,w,1961-08-08 00:00:00,7,Gutenbergstraße,33,900,1
175,Alexander,Bayer,alexander_bayer@1und1.de,m,1987-03-13 00:00:00,12,Grimelsheimer Straße,185,2010,0
176,Silvia,Sprenger,silviasprenger@t-online.de,w,1967-10-31 00:00:00,7,Markschiedsweg,11,689,1
177,Nadine,Weiß,weissnadine@outlook.com,w,1985-12-03 00:00:00,3,Unterm roten Berg,6,161,1
178,Stefan,Lehmann,stefanlehmann99@outlook.com,m,1978-09-07 00:00:00,3,Kröckelbergstraße,2,2742,0
179,Ulrike,Meyer,ul-meyer@outlook.com,w,1989-10-13 00:00:00,3,Birkenweg,46,1144,1
180,Julian,Müller,julianmueller@outlook.com,m,1996-11-23 00:00:00,10,Hellersbergweg,18,1172,0
181,Josephine,Elsner,j.elsner@yahoo.mail,w,1982-02-23 00:00:00,3,Stohrstraße,73,1929,1
182,Patrizia,Hennig,patriziahennig99@gmail.com,w,1999-09-11 00:00:00,10,Am Mirzenberg,2,437,1
183,Neele,Meyer,neele.meyer@t-online.de,w,2008-11-23 00:00:00,13,Am Thermalbad,62,1484,1
184,Julia,Hoppe,ju.hoppe@freenet.de,w,1980-02-25 00:00:00,3,Erlenweg,80,582,1
185,Marvin,Müller,marvin-mueller@freenet.de,m,2006-05-14 00:00:00,10,Rosenstraße,21,897,0
186,Hendrik,Freitag,hendrik_freitag89@web.de,m,1989-08-22 00:00:00,8,Lenkeweg,24,1761,0
187,Kyra,Müller,kyra-mueller19@web.de,w,2000-12-04 00:00:00,,Am Eckert,70,1684,1
188,Ariane,Petersen,ariane.petersen@-petersen.de,w,1984-07-10 00:00:00,8,Johann-Strauß-Weg,49,3454,1
189,Kira,Elsner,kira_elsner@t-online.de,w,1998-03-31 00:00:00,9,Hirzsteinweg,2,812,1
190,Fabian,Heinz,fabianheinz@gmx.de,m,1986-08-26 00:00:00,8,Kaltenholzhäuser Weg,12,399,0
191,Claudia,Weber,cweber@gmx.de,w,1979-11-10 00:00:00,8,Lessingweg,14,2176,1
192,Wiebke,Heine,heine-w64@yahoo.mail,w,1970-06-22 00:00:00,7,Flurstraße,83,906,1
193,Andrzej,Nowak,an.nowak@aol.com,m,1966-06-26 00:00:00,4,Auf dem Melmes,4,2309,0
194,Sabine,Hill,shill@1und1.de,w,1959-01-01 00:00:00,3,Platte,26,1269,1
195,Sandra,Frank,sandra_frank@t-online.de,w,1989-09-30 00:00:00,3,Uhlfelderstraße,52,2255,1
196,Mandy,Pape,mandy.pape98@gmail.com,w,1998-04-24 00:00:00,1,Roosevelt Avenue,32,808,1
197,Jean,Schöne,jean.schoene@gmx.de,m,1995-07-27 00:00:00,10,Filzweg,29,1298,0
198,Andre,Marx,andremarx83@gmx.de,m,1983-06-27 00:00:00,4,Schloth,3,734,0
199,Jens,Herrmann,jeherrmann@t-online.de,m,1999-12-26 00:00:00,5,Asternweg,12,284,0
200,Philipp,Witte,philipp.witte@yahoo.mail,m,1999-12-03 00:00:00,10,Kirchenweg,46,1521,0
201,Hanna,Böttcher,haboettcher@gmx.net,w,1996-11-16 00:00:00,10,Mühlenstraße,53,1938,1
202,Alexander,Rösch,aroesch54@yahoo.mail,m,2002-11-05 00:00:00,2,Bosseröder Weg,130,177,0
203,Anne,Fischer,annefischer86@outlook.com,w,1986-08-20 00:00:00,8,Raststätte Langen-Bergheim West,1,299,1
204,Vanessa,Franke,vanessafranke@aol.com,w,2003-02-18 00:00:00,12,Frauensteiner Weg,38,527,1
205,Ismail,Niemann,ismail.niemann76@gmx.net,m,1976-09-14 00:00:00,,Regerweg,59,1747,0
206,Torsten,Heitmann,t_heitmann@t-online.de,m,1970-03-28 00:00:00,4,An der Osterwiese,65,775,0
207,Marie,Jung,jungm97@gmx.net,w,1997-07-13 00:00:00,1,Am Linsenbaum,75,2578,1
208,Moritz,Lindner,mo.lindner20@yahoo.de,m,1986-03-16 00:00:00,8,Forsthaus Waldmark,26,1094,0
209,Regina,Seiler,reginaseiler@seiler.de,w,1955-01-07 00:00:00,,Brünnchenweg,51,1517,1
210,Vivien,Wimmer,wimmer.vivien2002@gmail.com,w,2002-09-27 00:00:00,10,Ringstraße,25,380,1
211,Carina,Funk,funk-c@gmx.de,w,1991-08-18 00:00:00,3,Im Steinchen,109,1943,1
212,Andreas,Eisele,andreas.eisele1973@web.de,m,1973-02-01 00:00:00,8,Am Linnenacker,39,2407,0
213,Pascal,Bühler,pascalbuehler@gmx.net,m,2002-02-05 00:00:00,12,Cunoweg,109,1718,0
214,Anja,Fischer,anjafischer1979@web.de,w,1979-03-11 00:00:00,8,Hermann-Knauel-Straße,31,1281,1
215,Kamil,Peter,k-peter@outlook.com,m,1989-10-26 00:00:00,3,Dieselstraße,7,2158,0
216,Dirk,Schmid,schmiddirk@web.de,m,1975-09-11 00:00:00,6,Im Fischfeld,10,3175,0
217,Maurice,Kuhn,ma.kuhn1993@web.de,m,1993-08-06 00:00:00,3,Am Pfingstbrunnen,42,245,0
218,Ruben,Bock,bockr44@t-online.de,m,2006-08-30 00:00:00,5,Mühlweg,3,260,0
219,Angela,Schmidt,angelaschmidt50@gmx.net,w,1950-03-03 00:00:00,7,Hinter'm Dorfe,26,2167,1
220,Nele,Haas,haas.ne@icloud.com,w,1995-09-11 00:00:00,13,Birkenstraße,14,625,1
221,Thilo,Zander,tzander95@t-online.de,m,1995-04-17 00:00:00,2,Hardbachstraße,2,289,0
222,Victor,Mueller,victormueller@web.de,m,1979-09-17 00:00:00,3,Möllenbach,21,804,0
223,Linus,Lutz,l_lutz@web.de,m,1990-09-15 00:00:00,3,Im Espen,24,602,0
224,Sascha,Jäger,jaeger_sascha79@jaeger.de,Keine Angabe,1977-07-29 00:00:00,3,An der Leimenkaut,13,459,0
225,Susanne,Steinbach,susanne.steinbach85@gmail.com,w,1985-10-18 00:00:00,3,Johann-Carl-Koch-Straße,27,1859,1
226,Regina,Seiler,reseiler1984@t-online.de,w,1984-10-21 00:00:00,3,Hauptstraße,78,2523,1
227,Dennis,Wirth,dennis.wirth@outlook.com,m,1976-10-30 00:00:00,8,Flurstraße,7,1750,0
228,Tobias,Adler,tobias_adler@web.de,m,2005-12-23 00:00:00,5,Götzmannstraße,2,2853,0
229,Gerrit,Westermann,gewestermann74@yahoo.de,m,1974-01-30 00:00:00,8,Talstraße,76,687,0
230,Fabian,Lehmann,fabianlehmann@web.de,m,1996-09-07 00:00:00,10,Görlitzer Straße,156,3371,0
231,Inga,Winter,i-winter1994@gmx.de,w,1994-10-28 00:00:00,10,Pfarrgasse,28,1079,1
232,Jason,Beyer,jason-beyer@outlook.com,m,1998-08-20 00:00:00,10,Solinger Straße,20,1167,0
233,Sara,Weber,saraweber@t-online.de,d,1992-08-24 00:00:00,10,Frankenheimer Straße,37,1488,0
234,Jan,Müller,jmueller@gmail.com,m,1990-10-05 00:00:00,11,Unterm Goldbachshain,286,536,0
235,Leon,Moser,moser.leon2004@moser.org,m,2004-08-10 00:00:00,5,Schützenstraße,43,1460,0
236,Janin,Steinbach,janin-steinbach@web.de,w,1981-07-04 00:00:00,8,Gewerbepark Untere Au,31,2234,1
237,Tatjana,Walz,tatjana-walz@yahoo.mail,w,1969-09-04 00:00:00,4,Bachhorststraße,19,1929,1
238,Jonathan,Fuchs,jonathanfuchs@outlook.com,m,2000-10-11 00:00:00,5,Sensfelder Hof,12,2289,0
239,Carsten,Krämer,kraemer.carsten1981@gmail.com,m,1981-05-04 00:00:00,13,Heideweg,57,36,0
240,Philipp,Bauer,bauer-p@outlook.com,m,2007-03-08 00:00:00,9,Bergweg,28,2303,0
241,Michael,Brunner,mi-brunner@t-online.de,m,1976-07-08 00:00:00,4,Zur Weitershell,109,128,0
242,Diana,Frick,diana.frick@dfrick.de,w,1985-07-18 00:00:00,12,Am Ebelfeld,1,283,1
243,Hanna,Fischer,h-fischer@web.de,w,1998-02-27 00:00:00,10,Cunoweg,2,1044,1
244,Janin,Ludwig,janin.ludwig@gmail.com,w,1980-07-09 00:00:00,8,An St. Peter,115,2770,1
245,Pascal,Müller,p.mueller1997@web.de,m,1997-06-03 00:00:00,5,Zur Lamper,52,470,0
246,Meike,Hornung,meike_hornung@gmx.de,w,1981-03-23 00:00:00,,Stefan-Hoog-Straße,113,1899,1
247,Johann,Mohr,mohrj@gmx.de,m,2003-04-01 00:00:00,10,Hochlandstraße,86,980,0
248,Anna,Albers,anna.albers2002@1und1.de,w,2002-06-15 00:00:00,7,Parkstraße,57,1014,1
249,Frauke,Meyer,frauke.meyer@t-online.de,d,1966-02-09 00:00:00,4,An der Kirche,2,1757,0
250,Hannah,Hagen,hannahhagen@gmx.de,w,2007-03-25 00:00:00,10,Steingasse,12,2138,1
251,Jannik,Berg,j_berg@web.de,m,1997-02-16 00:00:00,10,Beckersberg,4,849,0
252,Daniela,Stamm,daniela-stamm@web.de,w,1979-10-21 00:00:00,3,Am Eckelhof,21,3420,1
253,Cathrin,Krämer,cathrinkraemer@web.de,w,1980-08-13 00:00:00,8,Im Brombeerfeld,10,1766,1
254,Jessica,Möller,moellerje1971@gmail.com,w,1971-10-01 00:00:00,8,Holleracker,38,1722,1
255,Maria,Rößler,mariaroessler@gmx.net,w,1981-12-22 00:00:00,8,Eberbacher Weg,3,2406,1
256,Susan,Krause,sukrause@web.de,w,1981-10-06 00:00:00,3,Kantorenweg,86,1781,1
257,Ann,Hopp,ann_hopp1980@outlook.com,w,1980-04-13 00:00:00,2,Meisenweg,31,204,1
258,Jonas,Huber,huber.j@gmx.net,m,1981-10-07 00:00:00,3,Schloth,29,1714,0
259,Alice,Wirth,alice.wirth@gmx.de,w,1999-08-21 00:00:00,13,Haiger Straße,133,272,1
260,Leonard,Gebauer,leonardgebauer@freenet.de,m,1990-12-30 00:00:00,3,Bachstraße,106,581,0
261,Katharina,Beyer,kbeyer92@gmail.com,w,1992-09-18 00:00:00,10,Granfeld,54,431,1
262,Tom,Marx,marx.tom1998@yahoo.de,m,1998-03-15 00:00:00,5,Heinrich-Zutt-Straße,66,1770,0
263,Mats,Lehner,mats-lehner@yahoo.de,m,1991-01-28 00:00:00,3,Hohlweg,39,2262,0
264,Philipp,Meyer,philipp.meyer@gmx.de,m,1997-01-23 00:00:00,7,Mühlenweg,46,1207,0
265,Annabelle,Schiffer,annabelleschiffer@outlook.com,d,1999-05-09 00:00:00,10,Zeppelinstraße,1,389,0
266,Amelie,Pieper,ameliepieper@icloud.com,w,2004-10-27 00:00:00,10,Schillerstraße,235,1553,1
267,Toni,Seiler,toni.seiler@gmx.de,Keine Angabe,2003-01-25 00:00:00,,Auf der Rothecke,1,947,0
268,Ulrike,Ulrich,ulrichulrike72@web.de,w,1972-05-25 00:00:00,8,Holzwiese,44,1050,1
269,Lucas,Falk,l-falk19@gmail.com,m,1996-06-28 00:00:00,10,An den Herrenhäusern,61,825,0
270,Serkan,Schmid,serkanschmid@outlook.com,m,1987-04-02 00:00:00,8,Talstraße,23,315,0
271,Jason,Gerdes,gerdes-jason@jasongerdes.de,m,2007-09-09 00:00:00,5,Schreibersche Mühlweg,47,1733,0
272,Ben,Seidel,seidelbe00@freenet.de,m,2000-06-05 00:00:00,10,Außenliegend 25,10,2373,0
273,Joana,Kirchner,jkirchner@gmail.com,w,1990-03-27 00:00:00,8,Kurt-Schumacher-Anlage,6,3088,1
274,Manuel,Zöller,m_zoeller15@gmail.com,m,1957-09-10 00:00:00,4,Richthofstraße,4,491,0
275,Paul,Weiß,paul-weiss1964@icloud.com,m,1964-10-02 00:00:00,4,Vor der Höhe,16,2220,0
276,Lucas,Schwarz,schwarz-lucas2005@gmail.com,m,2005-12-23 00:00:00,5,In der Hahnhecke,43,2198,0
277,Nicole,Claus,n.claus1970@web.de,w,1970-06-24 00:00:00,7,Mühlenstraße,16,1185,1
278,Sascha,Spindler,saschaspindler94@t-online.de,m,1994-07-22 00:00:00,7,Liede,63,602,0
279,Fabian,Groß,fa.gross1992@web.de,m,1992-02-18 00:00:00,3,Elme,82,3498,0
280,Nikola,Kilian,nikola-kilian@1und1.de,m,1984-04-16 00:00:00,2,Am Pfarrhaus,123,261,0
281,Sarah,Koch,sarahkoch@1und1.de,w,2004-12-14 00:00:00,10,Hähnleiner Straße,16,1860,1
282,Janina,Frey,j_frey@gmail.com,w,1995-07-21 00:00:00,7,Baslerstraße,18,2386,1
283,Jakob,Werner,j_werner1992@outlook.com,m,1992-04-16 00:00:00,8,Am Hintersand,76,1472,0
284,Sylwia,Strauß,sylwiastrauss1980@outlook.com,w,1980-08-05 00:00:00,7,Erlenweg,75,1655,1
285,Friederike,Böhme,friederikeboehme65@gmx.de,w,1965-09-20 00:00:00,7,Am Kreuzweg,25,2483,1
286,Marina,Will,will.marina@web.de,w,1974-02-20 00:00:00,8,Zur Wolfsdelle,31,982,1
287,Viola,Weise,violaweise@gmail.com,w,1989-09-28 00:00:00,9,Vorbach,15,2070,1
288,Anita,Martin,martin-an@gmx.de,w,1966-06-21 00:00:00,9,Am grünen Herrenweg,223,534,1
289,Michael,Mueller,michaelmueller@gmail.com,m,1965-08-21 00:00:00,7,Von-Schildeck-Straße,10,2302,0
290,Anna,Röder,aroeder1992@aol.com,w,1992-07-16 00:00:00,7,Gartenweg,116,2066,1
291,Pascal,Reinke,preinke2001@gmail.com,m,2001-09-24 00:00:00,5,Kohlwaldstraße,89,546,0
292,Sibylle,Loos,s.loos@web.de,w,1981-04-30 00:00:00,8,Am Kalbesberg,3d,1288,1
293,Valentin,Voigt,voigtva@yahoo.mail,m,2001-04-20 00:00:00,10,Minnefeld,32,1983,0
294,Marcel,Wagner,wagner-ma@outlook.com,m,1996-09-06 00:00:00,7,Schloßstraße,22,554,0
295,Kira,Reiter,kira.reiter@freenet.de,w,1993-06-18 00:00:00,7,Dr.-Heumann-Weg,17,2851,1
296,Kevin,Langner,ke.langner70@gmail.com,m,1970-12-20 00:00:00,7,Burg Breuberg,50,426,0
297,Torsten,Böhme,to.boehme1965@gmx.de,m,1965-01-12 00:00:00,7,Zum kühlen Grund,78,2302,0
298,Liane,Elsner,lianeelsner@yahoo.mail,w,1969-04-26 00:00:00,11,Friedrichstraße,33,58,1
299,Maja,Zöller,zoeller.maja@mail.de,w,1966-02-07 00:00:00,4,Zum Goldbach,65,115,1
300,Jennifer,Sommer,jennifer-sommer@web.de,w,1996-10-16 00:00:00,7,Tulpenweg,18,169,1
301,Anette,Benz,anette.benz@web.de,w,1968-10-18 00:00:00,7,Weberweg,28,2234,1
302,Marlene,Stenzel,m.stenzel@t-online.de,w,1985-04-04 00:00:00,8,Lempstraße,9,1542,1
303,Malgorzata,Walter,malgorzata-walter@web.de,w,1960-08-09 00:00:00,7,Weberweg,7,3519,1
304,Wera,Göbel,goebelwera@outlook.com,w,1969-10-12 00:00:00,7,Mittelweg,55,2378,1
305,Martina,Beckmann,beckmannma61@yahoo.mail,w,1961-11-14 00:00:00,4,Weststraße,37,1415,1
306,Jana,Wolf,wolfjana2007@gmx.net,w,2007-12-23 00:00:00,13,Am Wall,88,2188,1
307,Gunnar,Kirchner,gunnarkirchner1981@gmail.com,m,1981-12-15 00:00:00,,Auf der Windhecke,31,1716,0
308,Christian,Köhler,christian.koehler36@gmx.de,m,1995-05-17 00:00:00,10,Am Erbsenborn,12,1490,0
309,Horst,Schneider,schneiderhorst67@mail.de,m,1967-07-13 00:00:00,7,Prinzenstraße,12,1287,0
310,Michael,Ernst,ernstm@t-online.de,m,1991-03-08 00:00:00,3,Dienbergstraße,9,757,0
311,Christina,Weber,christina_weber@freenet.de,w,1968-09-12 00:00:00,,Brünnchenweg,35,291,1
312,Ursula,Winkler,ursula.winkler65@gmail.com,w,1965-06-28 00:00:00,9,Otto-Haese-Straße,48,1832,1
313,Melanie,Simon,simon_me1981@web.de,w,1981-06-07 00:00:00,4,Am Holing,19,1271,1
314,Sebastian,Sievers,s.sievers@gmail.com,m,1986-03-22 00:00:00,8,Marie-Juchacz-Weg,10,2201,0
315,Agnieszka,Janzen,agnieszka_janzen89@t-online.de,w,1989-09-06 00:00:00,8,Gersdorfer Straße,18,418,1
316,Annett,Schweizer,annett.schweizer1974@outlook.com,w,1974-01-04 00:00:00,,Wiesenweg,35,1238,1
317,Nadja,Schmid,nadja.schmid@gmx.net,w,1964-04-30 00:00:00,4,Straße des 17. Juni,6,1052,1
318,Vievienne,Krug,v.krug@gmx.de,w,1993-03-23 00:00:00,7,An der Wasserbase,49,1679,1
319,Jacqueline,Weinert,jacqueline.weinert@web.de,w,1975-08-21 00:00:00,8,Elsebachweg,26,1736,1
320,Mehmet,Scheffler,mehmet.scheffler@icloud.com,m,1977-03-15 00:00:00,9,Amselweg,39,478,0
321,Miriam,Evers,m.evers@gmail.com,w,1977-04-30 00:00:00,8,An der Sonder,111,1938,1
322,Katja,Richter,katja_richter1978@outlook.com,w,1978-10-28 00:00:00,8,August-Bebel-Straße,21,2060,1
323,Stefanie,Müller,smueller@outlook.com,w,1973-05-19 00:00:00,9,Feldstraße,4,1011,1
324,Maurice,Schindler,mschindler95@gmail.com,m,1995-04-02 00:00:00,7,Zur Wolfsdelle,15,616,0
325,Nikolas,Hübner,nikolashuebner@gmx.de,m,1991-06-15 00:00:00,3,Sandweg,26,1854,0
326,Malgorzata,Gehrke,mgehrke1966@me.com,Keine Angabe,1966-09-09 00:00:00,4,Blockhaus Obernberg,1,1881,0
327,Jeannette,Will,jeannette-will@gmail.com,w,1969-05-04 00:00:00,9,Heilstätterstraße,29,1118,1
328,Gabriele,Stadler,gabriele_stadler@1und1.de,w,1968-11-24 00:00:00,7,Zum Bicketal,178,1174,1
329,Marco,Hensel,marco.hensel@gmx.net,m,1986-07-18 00:00:00,8,Fliederweg,143,1494,0
330,Jana,Göbel,janagoebel72@gmail.com,w,1972-01-03 00:00:00,7,An der Schleifmühle,21,1217,1
331,Adrian,Schmidt,adrianschmidt@gmail.com,m,1994-05-23 00:00:00,5,Hauptstraße,15,3305,0
332,Christian,Kühnel,christiankuehnel@yahoo.de,d,1976-08-29 00:00:00,8,Egenrother Weg,5,2123,0
333,Katrin,Wegener,katrin-wegener76@1und1.de,w,1976-07-05 00:00:00,2,Beethovenstraße,121,670,1
334,Maik,Lang,m.lang@gmail.com,m,2006-05-22 00:00:00,5,Grüner Weg,57,525,0
335,Hannah,Adam,hadam2004@gmx.de,w,2004-01-30 00:00:00,10,Karlstraße,41,1161,1
336,Gordon,Schubert,gordon.schubert1971@yahoo.de,m,1971-08-29 00:00:00,11,Im Storchennest,54,2883,0
337,Linn,Zink,linn.zink@gmail.com,w,1991-10-20 00:00:00,1,Lange Straße,11,1090,1
338,Julia,Wolff,juliawolff92@gmail.com,w,1992-09-27 00:00:00,7,Vor der Kirche,33,1790,1
339,Denis,Schmidt,denisschmidt@web.de,m,1994-09-06 00:00:00,7,Am Stadtbrunnen,4,1125,0
340,Johannes,Jakob,j.jakob@jjakob.com,m,1989-01-25 00:00:00,9,Gerhart-Hauptmann-Straße,4,158,0
341,Axel,Ziegler,axel.ziegler68@gmx.net,m,1968-07-02 00:00:00,4,Kirchplatz,15,140,0
342,Abdul,Friedl,a.friedl1967@yahoo.mail,m,1967-07-24 00:00:00,9,Hof zur Schanze,35,895,0
343,Stefanie,Heider,stefanie.heider@yahoo.de,w,1959-05-31 00:00:00,7,Heegacker,11,378,1
344,Tina,Lippert,t.lippert@1und1.de,w,1991-11-09 00:00:00,3,Kapellenweg,8,1459,1
345,Luna,Wagner,lwagner04@freenet.de,w,2004-05-31 00:00:00,12,Sudetenlandstraße,66,94,1
346,Nadja,Janssen,nadja.janssen1982@web.de,w,1982-06-08 00:00:00,3,Außenliegend Forsthaus,1,1814,1
347,Len,Schumacher,lenschumacher@web.de,m,2005-04-21 00:00:00,5,Am Nußgrund,18,94,0
348,André,Heinrich,andre-heinrich@gmail.com,d,1993-05-17 00:00:00,7,Höbäckerweg,62,1548,0
349,Dörte,Seeger,do.seeger@1und1.de,w,1970-02-28 00:00:00,4,Philipp-Schmunck-Straße,63,1722,1
350,David,Zimmermann,d.zimmermann2000@gmx.de,m,2000-05-02 00:00:00,5,Im Buhles,18,1850,0
351,Artur,Knoll,artur-knoll@web.de,m,1992-09-06 00:00:00,1,Die Seewiesen,5,218,0
352,Anke,Heinemann,anke-heinemann1974@outlook.com,w,1974-11-17 00:00:00,8,Löffelgasse,6,1533,1
353,Mia,Lehmann,milehmann96@gmx.de,w,1996-09-23 00:00:00,3,Mittelweg,14,1021,1
354,Leonard,Faber,leonard-faber@gmx.net,m,1996-07-07 00:00:00,7,Rasengärten,37,1334,0
355,Annika,Kahl,annika_kahl@gmail.com,w,1996-03-28 00:00:00,7,Meisenweg,4,2281,1
356,Barbara,Winter,winterb@web.de,w,1966-04-23 00:00:00,,Beethovenstraße,25,996,1
357,Jutta,Becker,jbecker@icloud.com,w,1979-12-30 00:00:00,8,Reiterweg,64,376,1
358,Ralf,Reimann,rreimann@gmx.net,m,1967-03-27 00:00:00,7,Vehlener Straße,88,1868,0
359,Caren,Peters,caren.peters@gmx.net,w,1991-01-11 00:00:00,,Heinrich-Zutt-Straße,112,2185,1
360,Julian,Kohl,ju.kohl@gmx.de,m,1992-08-13 00:00:00,7,Rainberg,16,3498,0
361,Ingrid,Neumann,i-neumann@ingridneumann.de,w,1975-06-10 00:00:00,4,Bachhorststraße,87,1373,1
362,Dieter,Zimmermann,dieter.zimmermann@gmx.de,m,1966-05-23 00:00:00,9,Buchenweg,12,1619,0
363,Stefanie,Heine,stefanieheine@gmail.com,w,1984-02-21 00:00:00,8,Zum Bicketal,4,2075,1
364,Victor,Ehlert,victor.ehlert81@gmx.de,m,1981-04-06 00:00:00,8,Grabenstraße,27,1896,0
365,Mareike,Fritzsche,mareikefritzsche@gmx.de,w,1993-09-25 00:00:00,7,Ysenburgerstraße,4,1924,1
366,Martin,Mann,ma.mann@yahoo.de,m,1968-11-14 00:00:00,4,Nußallee,20,3011,0
367,Tanja,Gabriel,tanja.gabriel@gmx.de,w,1979-03-08 00:00:00,4,Hafenmühlenweg,7,1655,1
368,Susanne,Schwarze,susanne_schwarze@gmx.net,w,1980-06-17 00:00:00,8,Im tiefen Teich,25,1075,1
369,Benjamin,Schubert,benjaminschubert@schubert.de,m,1990-11-14 00:00:00,8,Friedrichsgasse,45,1972,0
370,Julia,Becker,j_becker@web.de,w,1992-10-30 00:00:00,7,Unter-Sorger-Straße,77,1109,1
371,Chantale,Born,chantale.born@outlook.com,w,1997-10-02 00:00:00,13,Rosenweg,14,1027,1
372,Julian,Ortmann,julian_ortmann93@aol.com,m,1993-11-07 00:00:00,10,Banater Straße,19,1788,0
373,Hasan,Hillebrand,hillebrand-h@gmail.com,m,1989-07-25 00:00:00,3,Glatthaferweg,30,723,0
374,Marie,Fischer,mfischer@gmx.de,w,1985-04-30 00:00:00,,Hardbachstraße,70,1416,1
375,Jutta,Huber,jutta.huber@jhuber.com,w,1967-11-21 00:00:00,9,Erika-Köth-Weg,16,1628,1
376,Jörn,Martens,joern.martens@t-online.de,m,1988-12-22 00:00:00,3,Am Stadtfeldchen,137,1677,0
377,Marc,Engelhardt,marc_engelhardt@web.de,m,1972-10-07 00:00:00,4,Ulrich-von-Hassell-Weg,173,915,0
378,Cornelia,Bernhard,c.bernhard1971@yahoo.de,w,1971-05-13 00:00:00,7,Blumenstraße,21,1789,1
379,Beatrice,Weber,beatrice_weber82@gmx.de,w,1982-04-11 00:00:00,6,Am Sandring,103,1171,1
380,Angelica,Schneider,a.schneider1967@gmx.net,w,1967-02-16 00:00:00,7,Twernegasse,5,1682,1
381,Brigitte,Meißner,brigittemeissner@yahoo.mail,w,1960-03-05 00:00:00,4,Unter der Waldschule,44,21,1
382,Marion,Vogt,marion_vogt@web.de,w,1965-01-04 00:00:00,4,Raiffeisenstraße,33,1041,1
383,Kai,Müller,muellerk@web.de,m,1973-07-21 00:00:00,13,Mittelweg,60,1122,0
384,Valentin,Bauer,v_bauer@icloud.com,d,1981-09-11 00:00:00,3,Eichenweg,147,71,0
385,Steffen,Siegel,steffen.siegel@gmx.de,m,1971-04-17 00:00:00,4,Kohlwaldstraße,165,232,0
386,Jan,Böhme,jboehme@gmail.com,m,1997-03-01 00:00:00,7,Am Trauar,6,39,0
387,Marcel,Schmid,schmid.marcel@gmx.de,m,1997-07-20 00:00:00,5,Huserstraße,29,2888,0
388,Jannik,Wolff,jannikwolff1994@web.de,m,1994-12-10 00:00:00,10,Heckenwiesenweg,13,441,0
389,Mareike,Klaus,mareikeklaus@gmx.de,w,1990-06-26 00:00:00,13,Sonnenweg,91,731,1
390,Simon,Bayer,simon.bayer92@simonbayer.de,m,1992-08-18 00:00:00,10,Wiesenweg,9,3518,0
391,Anna,Schmitz,anna.schmitz88@gmx.net,w,1988-07-15 00:00:00,3,Rosenhöhe,69,3024,1
392,Sandra,Wolter,sandra.wolter1982@yahoo.de,w,1982-04-19 00:00:00,8,Wahlersee,39,378,1
393,Chiara,Hering,chiarahering@gmx.de,w,2002-04-17 00:00:00,12,Stefan-Hoog-Straße,160,178,1
394,Jan,Ackermann,ackermannjan@web.de,m,1993-01-20 00:00:00,7,Auf den neuen Höfen,287,1426,0
395,Cedric,Hummel,cedrichummel@gmx.de,m,1995-05-16 00:00:00,3,Walter-Rohmeis-Straße,22,723,0
396,Christina,Kretschmer,christinakretschmer@web.de,w,1971-07-29 00:00:00,8,Zum Schöffengrund,95,936,1
397,Janet,Stoll,janet_stoll1979@web.de,w,1979-06-26 00:00:00,3,Ysenburgerstraße,31,711,1
398,Manuel,Weise,manuel.weise@gmx.de,m,1983-03-09 00:00:00,12,Am Moosberg,75,243,0
399,Michaela,Brunner,mi.brunner@web.de,w,1980-05-15 00:00:00,10,Am Starksborn,18,2720,1
400,Ina,Kraft,inakraft@outlook.com,w,1985-03-03 00:00:00,2,Hohe Straße,50,2177,1
401,Jacqueline,Winkler,jawinkler@outlook.com,w,1966-04-06 00:00:00,5,Kohlhain,62,3236,1
402,Celine,Witte,cwitte@gmx.de,w,2002-11-22 00:00:00,13,Foßecke,54,888,1
403,Michaela,Lorenz,mlorenz@web.de,w,1965-06-26 00:00:00,4,Gregorstraße,9,2157,1
404,Samantha,Fürst,fuerst-samantha2001@web.de,w,2001-01-24 00:00:00,10,Tulpenweg,7,967,1
405,Victor,Haase,victorhaase@outlook.com,m,1962-04-26 00:00:00,7,Biedenkopfer Weg,1,1564,0
406,Hans,König,hans.koenig@gmail.com,m,1960-03-04 00:00:00,7,Gutenbergstraße,4,1868,0
407,Ingo,Mader,ingomader@web.de,m,1977-10-21 00:00:00,3,Vautswiesenweg,46,83,0
408,Franziska,Berger,franziska-berger52@web.de,w,1986-05-06 00:00:00,8,Hahnenbuschstraße,29,849,1
409,Carla,Schütte,cschuette@t-online.de,w,1998-03-15 00:00:00,,Hans-Roß-Straße,42,146,1
410,Ayse,Jakob,aysejakob@outlook.com,w,1971-04-08 00:00:00,7,Rosenweg,42,3303,1
411,Tom,Schulte,tomschulte@web.de,m,1971-05-20 00:00:00,11,Am Sportplatz,33,2237,0
412,Diana,Lohmann,diana-lohmann@t-online.de,w,1992-11-29 00:00:00,10,Waldstraße,37,1082,1
413,Waldemar,Junker,wa.junker76@gmail.com,m,1976-10-07 00:00:00,4,Otto-Loewi-Straße,95,782,0
414,Lucas,Teichmann,teichmann.lucas@gmx.net,m,2006-07-05 00:00:00,5,Borstein,45,55,0
415,Alexandra,Fischer,fischer.alexandra@gmail.com,d,1971-09-12 00:00:00,4,Hanfgartenstraße,40,102,0
416,Elisa,Kühn,ekuehn@web.de,w,2007-10-22 00:00:00,13,Zum Schottengrund,56,732,1
417,Jürgen,Grimm,grimm.juergen@web.de,m,1965-07-27 00:00:00,,Wilhelmstraße,139,2003,0
418,Marcel,Mader,marcelmader05@web.de,m,2005-05-24 00:00:00,5,Erlingsberg,14,1701,0
419,Jan,Klotz,jan.klotz@gmx.net,m,1988-07-02 00:00:00,3,Diezer Straße,31,537,0
420,Irene,Scholz,i.scholz@gmail.com,w,1966-09-28 00:00:00,13,Gewerbepark Untere Au,79,451,1
421,Jutta,Böhme,boehme.jutta64@gmx.de,w,1964-12-29 00:00:00,7,Mühlweg,136,400,1
422,Eva,Wagner,wagnereva@gmx.de,w,1965-07-06 00:00:00,7,Feldweg,85,339,1
423,Henrike,Hoffmann,henrikehoffmann@outlook.com,w,1982-10-24 00:00:00,13,Steedener Weg,20,874,1
424,Marie,Becker,mariebecker@gmail.com,w,1983-03-15 00:00:00,8,Haydnstraße,38,1306,1
425,Ivonne,Volz,ivolz1977@gmx.net,w,1977-02-11 00:00:00,9,Erzhäuser Straße,15,893,1
426,Wiebke,Köhler,wiebke.koehler@gmx.net,w,1965-06-30 00:00:00,4,Mühlweg,12,11,1
427,Simon,Simon,simon-simon@yahoo.de,m,1970-04-21 00:00:00,7,Talstraße,1,851,0
428,Aylin,Fischer,aylinfischer@gmail.com,w,1996-11-05 00:00:00,8,Ziegelei-Allee,4,2264,1
429,Jennifer,Horn,jennifer.horn78@gmail.com,w,1978-05-20 00:00:00,2,Ulmenweg,81,286,1
430,Gunnar,Jaeger,jaegerg@yahoo.de,m,1974-11-18 00:00:00,8,Amselweg,9,1095,0
431,Christoph,Braun,christophbraun@gmx.de,m,1986-05-12 00:00:00,8,Am Heuerberg,52,865,0
432,Yasmin,Werner,yasmin_werner1984@gmx.net,w,1984-01-04 00:00:00,3,Hannelore-Hingott-Straße,51f,1419,1
433,Anita,Schneider,anita.schneider1979@gmail.com,w,1979-04-14 00:00:00,3,Mozartring,69,925,1
434,Michael,Janßen,michaeljanssen@gmx.de,m,1977-02-08 00:00:00,2,Erich-Kästner-Schule,68,1700,0
435,Fabian,Hartmann,hartmann.fabian4@web.de,m,1990-09-01 00:00:00,3,Wacholderweg,25,2967,0
436,Stefan,Schröder,stefanschroeder@web.de,m,1979-08-28 00:00:00,10,Rosenstraße,16,220,0
437,Elena,Heinrich,elena-heinrich@gmx.net,w,1999-06-19 00:00:00,10,In den Pfortenwiesen,54,3360,1
438,Sigrid,Eberle,si_eberle1959@gmx.net,w,1959-08-20 00:00:00,7,Blumenweg,40,1250,1
439,Michael,Richter,mirichter@gmail.com,m,1971-03-13 00:00:00,2,Hafenmühlenweg,17,940,0
440,Stefan,Hübner,stefanhuebner1986@gmx.de,m,1986-02-15 00:00:00,11,Am Petershof,13,2174,0
441,Vanessa,Sander,vanessa.sander@gmail.com,w,1993-08-27 00:00:00,10,Am Mühlstein,4,2230,1
442,Isabel,Schuler,isabelschuler@me.com,w,1996-07-15 00:00:00,10,Brückenstraße,7,1952,1
443,Kim,Weber,kim.weber@yahoo.mail,w,2006-05-03 00:00:00,,Pestalozzistraße,1,932,1
444,Ilka,Zimmermann,izimmermann@icloud.com,w,1960-07-21 00:00:00,4,Buchwälder Weg,35,1779,1
445,Verena,Behrendt,verenabehrendt31@outlook.com,w,1978-08-07 00:00:00,3,Hofgut Winnerod,25,2018,1
446,Steffen,Renner,steffen.renner@gmx.de,m,1986-08-24 00:00:00,3,Birkenweg,25,1875,0
447,Sebastian,Simon,sebastian.simon86@gmx.de,m,1986-09-19 00:00:00,3,Kneibenweg,52,456,0
448,Sara,Friedrichs,s-friedrichs@icloud.com,w,1995-01-06 00:00:00,10,Albert-Schweitzer-Weg,94,1298,1
449,Oliver,Horn,o.horn@gmx.net,m,1973-11-02 00:00:00,2,Peter-Grieß-Straße,12,1066,0
450,Angelique,Wolf,angelique_wolf@yahoo.de,w,1995-04-29 00:00:00,7,Feldweg,27,1265,1
451,Beate,Geyer,b-geyer@gmail.com,w,1987-12-10 00:00:00,10,Alois-Henninger-Straße,20,1848,1
452,Michael,Reinhardt,michaelreinhardt@gmx.de,m,1986-09-16 00:00:00,3,Am Rötchen,9,2242,0
453,Sabrina,Schmidt,s_schmidt23@web.de,w,1987-08-07 00:00:00,3,Johann-Stelz-Straße,79,1890,1
454,Cedric,Schütz,schuetzce@gmx.net,m,2008-10-25 00:00:00,5,Karl-Bröger-Straße,85,1089,0
455,Bianca,Becker,b_becker80@yahoo.de,w,1980-05-18 00:00:00,3,Birkenweg,122,498,1
456,Jannik,Voss,j.voss@freenet.de,m,1990-04-06 00:00:00,3,Liederbachstraße,17,914,0
457,Karin,Kellermann,kellermannk@web.de,w,1983-08-26 00:00:00,8,Kirchstraße,45,2131,1
458,Tuana,Günther,tuana.guenther@t-online.de,w,2000-01-12 00:00:00,9,Querstraße,2,1807,1
459,Jannik,Müller,jmueller@gmx.de,m,1993-11-08 00:00:00,3,Im tiefen Teich,29,2109,0
460,Anna,Winkler,awinkler@gmx.de,w,2007-04-21 00:00:00,12,Vorbach,14,139,1
461,Christina,Walther,cwalther1990@gmx.de,w,1990-02-22 00:00:00,3,Hinter Sahlenberg,48,64,1
462,Klara,Kühl,klara_kuehl@klarakuehl.org,w,2002-11-21 00:00:00,13,Heinrich-Heine-Straße,22,224,1
463,Sören,Reinhold,reinholdsoeren@gmail.com,m,1988-05-03 00:00:00,8,Buchengraben,103,3354,0
464,Anna,Nagel,anna.nagel@gmx.de,w,1990-05-31 00:00:00,3,Mainzer Ring,42,725,1
465,Anton,Faber,fabera@gmx.de,m,1991-08-10 00:00:00,8,Spelzmühlweg,17,1682,0
466,Lara,Hein,larahein95@gmail.com,w,1995-10-14 00:00:00,7,Irmtrauter Hof,22,2581,1
467,Selina,Keller,selina.keller@web.de,w,1991-03-19 00:00:00,3,Am Hilsberg,98,481,1
468,Jule,Nowak,ju.nowak@1und1.de,w,2000-01-29 00:00:00,12,Mühlenstraße,31,1054,1
469,Hanna,Trapp,trapphanna92@gmx.de,w,1992-12-09 00:00:00,10,Stegerwaldstraße,114,374,1
470,Kaja,Stock,k.stock98@gmx.net,w,1998-04-01 00:00:00,10,Chattenhof,12,1509,1
471,Christian,Radtke,christianradtke@gmail.com,m,1978-02-24 00:00:00,8,Grifter Straße,8,793,0
472,Marina,Walz,walz_marina1990@outlook.com,w,1990-09-12 00:00:00,3,Flurstraße,44,1334,1
473,Victor,Vogt,victor.vogt@web.de,m,1966-02-28 00:00:00,6,Schillerstraße,13,1857,0
474,Jannis,Kock,janniskock1994@gmx.net,m,1994-10-15 00:00:00,7,Im Sauerborn,90,500,0
475,Julia,Schulze,julia-schulze@gmail.com,w,1994-07-02 00:00:00,4,Dahlienweg,44,326,1
476,Ann,Pohl,ann.pohl@gmail.com,w,1998-09-20 00:00:00,12,Friedenstraße,17,157,1
477,Lennard,Dieckmann,ldieckmann@web.de,m,1986-03-30 00:00:00,3,Mühlweg,40,2453,0
478,Lucas,Oswald,lucas.oswald@outlook.com,m,1987-08-27 00:00:00,8,Am alten Graben,44,3354,0
479,Toni,Köster,koesterto04@-koester.net,m,2004-12-18 00:00:00,10,An der Leimenkaut,1,1241,0
480,Sabine,Schulte,s-schulte1972@outlook.com,w,1972-06-23 00:00:00,,Mühlenweg,6,2138,1
481,Michael,Ahrens,michael.ahrens@gmx.de,m,1972-10-07 00:00:00,3,Schillerstraße,101,1857,0
482,Liam,Hohmann,liamhohmann@gmail.com,m,2006-02-08 00:00:00,5,Blumenstraße,15,1427,0
483,Franziska,Volkmann,volkmann_franziska@gmx.net,w,1975-05-25 00:00:00,11,Franz-Werfel-Straße,16,923,1
484,Andre,Müller,an.mueller1966@gmx.de,m,1966-04-07 00:00:00,,Am Haßlocher Fußpfad,6,2367,0
485,Maximilian,Kugler,kuglermaximilian@icloud.com,m,1993-12-19 00:00:00,7,Lerchenweg,8,131,0
486,Anette,Müller,a.mueller@web.de,w,1968-11-10 00:00:00,9,Kolpingstraße,75,763,1
487,Frank,Walther,frank.walther@1und1.de,m,1989-06-29 00:00:00,10,Akazienweg,29,401,0
488,Andrea,Neumann,andrea_neumann@yahoo.mail,w,1964-04-13 00:00:00,1,Prinzenstraße,5,2832,1
489,Stefan,Berger,stberger@gmail.com,m,1989-07-15 00:00:00,3,Hans-Bethe-Straße,103,1638,0
490,Erika,Schäfer,erika_schaefer@gmail.com,w,1966-07-15 00:00:00,7,Marienstraße,182,1889,1
491,Claudia,Hornung,claudiahornung62@web.de,w,1962-03-13 00:00:00,4,Kirchgasse,7,585,1
492,Judith,Hoch,hoch-judith@gmail.com,w,1981-03-07 00:00:00,3,Illstraße,26,2014,1
493,Christopher,Weber,weber.c@freenet.de,m,1987-11-17 00:00:00,6,Hufelandstraße,71,1933,0
494,Linus,Gärtner,linus_gaertner@web.de,m,2004-09-08 00:00:00,10,Corveyer Straße,149,847,0
495,Laura,Mahler,l.mahler1990@gmx.de,w,1990-11-16 00:00:00,3,Kirchstraße,51,765,1
496,Jan,Herrmann,j.herrmann@1und1.de,Keine Angabe,1992-06-19 00:00:00,7,Ulmenweg,39,1234,0
497,Nils,Heinz,heinz.nils@gmail.com,m,1982-04-20 00:00:00,1,Hildegardstraße,22,1297,0
498,Lea,David,le.david@gmail.com,w,1998-04-19 00:00:00,12,Zum Rot,18,2869,1
499,Christian,Schulte,christian_schulte@gmx.net,m,1995-09-10 00:00:00,2,Heideweg,2,1084,0
500,Maximilian,Schmitz,maximilianschmitz95@icloud.com,m,2004-01-06 00:00:00,6,Grifter Straße,12,849,0
501,Dorothee,Link,dorotheelink@yahoo.de,w,1965-12-18 00:00:00,9,Kirchstraße,69,811,1
502,Petra,Herzog,petra.herzog1969@outlook.com,w,1969-11-30 00:00:00,12,Lindenweg,43,496,1
503,Alina,Wetzel,alinawetzel@me.com,w,1993-07-02 00:00:00,10,Rosengraben,40,1721,1
504,Martin,Kopp,m.kopp66@web.de,m,1966-04-21 00:00:00,7,Bachstraße,68,2838,0
505,Timm,Peters,timm_peters@gmx.net,m,1992-12-10 00:00:00,10,Hohensolmser Weg,55,1159,0
506,Petra,Köhler,p_koehler@t-online.de,w,1967-02-07 00:00:00,7,Auf der Windhecke,51,3359,1
507,Constantin,Brockmann,constantinbrockmann1986@icloud.com,m,1986-08-23 00:00:00,12,Kirchplatz,11,201,0
508,Charlotte,Schulz,charlotteschulz1994@gmx.de,w,1994-09-24 00:00:00,7,Abellstraße,3,69,1
509,Fenja,Falk,f_falk@fenjafalk.com,w,1994-12-09 00:00:00,10,Bachhorststraße,7,691,1
510,Max,Becker,ma.becker@gmx.net,m,1975-09-04 00:00:00,7,Wanebachstraße,165,2061,0
511,Tatjana,Weiß,tweiss@gmx.net,w,1967-04-23 00:00:00,7,An St. Peter,56,2542,1
512,Elke,Baumgartner,baumgartnere1965@web.de,w,1965-07-19 00:00:00,4,Steedener Weg,45,1231,1
513,Lucas,Becker,lucas.becker@gmail.com,m,2000-07-01 00:00:00,5,Auf der Rothecke,76,1994,0
514,Jannek,Grundmann,jannek.grundmann1997@gmx.de,m,1997-06-11 00:00:00,5,Lerchenweg,1,3232,0
515,Marco,Fischer,marco-fischer80@gmail.com,m,1980-06-12 00:00:00,8,An der Heid,66,3222,0
516,Janin,Stock,janin_stock@yahoo.de,w,1989-12-02 00:00:00,10,Leipziger Straße,13,409,1
517,Tobias,Franke,tfranke@t-online.de,m,2000-05-17 00:00:00,11,Markt,7,800,0
518,Jannika,Büchner,buechner.jannika@aol.com,w,1991-05-08 00:00:00,3,An der Kling,27,2074,1
519,Heiko,Müller,heiko.mueller1964@t-online.de,d,1964-04-05 00:00:00,4,Eichenweg,96,1411,0
520,Stefan,Wenzel,stwenzel@swenzel.de,m,1975-12-09 00:00:00,1,Auf der Rothecke,78,832,0
521,Stefanie,Meyer,meyer.stefanie@gmail.com,w,1992-02-16 00:00:00,3,Torwiese,34,2424,1
522,Christina,Wiegand,c.wiegand@gmail.com,w,1987-11-19 00:00:00,8,Eckbertstraße,142,1004,1
523,Larissa,Klein,kleinl@larissa-klein.de,w,1991-04-27 00:00:00,3,Buchhügelallee,134,660,1
524,Lucas,Fries,frieslucas@1und1.de,d,1992-08-06 00:00:00,11,Sonnbergsweg,6,1371,0
525,Susanne,Hagedorn,su-hagedorn@gmail.com,w,1963-12-28 00:00:00,9,Waldsteiner Hof,13,1773,1
526,Christian,Scheel,christian.scheel@yahoo.de,m,1986-07-18 00:00:00,12,Wilsenröther Straße,14,220,0
527,Anna,Geisler,anna_geisler@web.de,w,1988-10-10 00:00:00,,Rosengraben,33,1439,1
528,Melissa,Dietrich,melissa.dietrich@1und1.de,w,1990-11-30 00:00:00,4,Richtergasse,2,139,1
529,Steven,Volk,steven-volk@1und1.de,m,1998-08-26 00:00:00,10,Am Hinkelhaus,48,433,0
530,René,Krämer,renekraemer@gmail.com,m,1989-01-31 00:00:00,8,Himmelsleiter,63,1299,0
531,Julian,Unger,julian.unger2003@web.de,m,2003-11-03 00:00:00,10,Pestalozzistraße,54,2608,0
532,Miriam,Böttcher,miriamboettcher@1und1.de,w,1984-09-15 00:00:00,,Paul-Natorp-Straße,14,2887,1
533,Kirsten,Esser,kirsten.esser@kesser.de,w,1978-07-15 00:00:00,8,Urbanstraße,22,298,1
534,Charlotte,Klinger,charlotte_klinger1997@gmail.com,w,1997-05-21 00:00:00,10,Georg-Moller-Weg,12,1136,1
535,Philipp,Horn,horn.philipp@gmx.de,m,1994-03-10 00:00:00,,Kirchplatz,56,1464,0
536,Adrian,Brandt,adrian-brandt2000@web.de,m,2000-09-21 00:00:00,10,Am Pfarrhaus,145,1084,0
537,Hasan,Schmid,hasan.schmid71@gmail.com,m,1971-11-29 00:00:00,10,Danziger Straße,88,1827,0
538,Lutz,Huber,lutzhuber@web.de,m,1975-11-25 00:00:00,4,Hans-Bethe-Straße,5,2197,0
539,Wiebke,Reinhard,wireinhard34@web.de,w,1971-06-30 00:00:00,7,Im Brombeerfeld,36,1075,1
540,Marcus,Krebs,m.krebs1974@freenet.de,m,1974-05-07 00:00:00,1,Am Kreuzweg,18,3293,0
541,Barbara,Scharf,barbarascharf1987@web.de,w,1987-04-15 00:00:00,3,Hochstadtweg,104,510,1
542,Anette,Lindner,a.lindner1967@t-online.de,w,1967-09-19 00:00:00,4,Kirchweg,61,508,1
543,Victor,Fischer,fischer.victor1993@t-online.de,Keine Angabe,1993-04-19 00:00:00,7,Mutter-Teresa-Straße,51,660,0
544,Leonie,Herrmann,leonie_herrmann04@yahoo.mail,w,2004-01-15 00:00:00,12,Dietrich-Bonhöffer-Straße,19,217,1
545,Ayleen,Rupp,ayleenrupp1986@mail.de,w,1986-05-02 00:00:00,3,Petersgasse,107,93,1
546,Maria,Müller,muellermaria68@gmx.net,w,1968-07-02 00:00:00,2,Am Galgenkopf,12,735,1
547,Selin,Müller,selin_mueller@gmx.de,w,2004-07-03 00:00:00,10,Schillerstraße,29,1181,1
548,Vladimir,Linke,vl-linke75@gmail.com,m,1975-08-30 00:00:00,4,Blockhaus Obernberg,4,1031,0
549,Jan,Wieland,jan-wieland@gmail.com,m,1999-11-09 00:00:00,13,Solleweg,75,1242,0
550,Kim,Weiler,kimweiler@gmx.net,w,1999-03-17 00:00:00,10,Gabelsbergerstraße,27,1250,1
551,Stefan,Frank,s.frank@yahoo.de,m,1986-03-22 00:00:00,3,Untere Torstraße,10,1027,0
552,Sabrina,Bode,sabrina.bode@t-online.de,w,1988-05-06 00:00:00,3,Liederbachstraße,16,1810,1
553,Nadine,Mahler,nmahler@web.de,w,1987-04-10 00:00:00,4,Fasanenweg,48,1558,1
554,Niklas,Bauer,nbauer98@freenet.de,m,1998-11-06 00:00:00,10,Vor der Kirche,3,979,0
555,Ariane,Schneider,ariane.schneider@-schneider.de,w,1989-05-19 00:00:00,3,Filzweg,63,2030,1
556,Stefanie,Blum,stefanie_blum@gmail.com,w,1980-08-05 00:00:00,1,Im Prüfling,10,2338,1
557,Jamie,Seidel,jamieseidel@web.de,m,2004-12-11 00:00:00,,Hof Brühl,28,2182,0
558,Rico,Zimmermann,rico.zimmermann@t-online.de,m,1984-03-19 00:00:00,9,Am Zwenger,36,1382,0
559,Evelin,Fuchs,fuchs.evelin67@t-online.de,w,1967-11-20 00:00:00,4,Mittelstraße,31,602,1
560,Quentin,Engelmann,quentinengelmann@gmx.net,d,2004-10-29 00:00:00,11,Hochlandstraße,167,21,0
561,Gesa,Seiler,gesa-seiler85@gseiler.org,w,1985-11-07 00:00:00,3,Matthias-Claudius-Straße,139,1800,1
562,Korinna,Junge,kjunge@gmx.de,w,1994-04-20 00:00:00,7,St.-Muffert-Weg,100,31,1
563,Claudia,Schulz,schulz.c1986@1und1.de,w,1986-02-27 00:00:00,3,Burgundenring,42,510,1
564,Lena,Benz,lena.benz@gmail.com,d,1987-10-10 00:00:00,8,Am Rechten Weserufer,14,2060,0
565,Jenny,Peter,je-peter1990@gmx.de,w,1990-10-10 00:00:00,8,Am Wilmenried,192,1871,1
566,Janina,Voß,jvoss@icloud.com,w,1977-03-24 00:00:00,12,Victor-Gollancz-Weg,23,638,1
567,Sebastian,Neumann,sebastian_neumann@gmx.de,m,1987-08-12 00:00:00,8,Karlshofstraße,54,1314,0
568,Paula,Neumann,neumann_paula@gmail.com,w,1999-05-06 00:00:00,10,Unterer Grasweg,1,1893,1
569,Antje,Krämer,antjekraemer@gmx.net,w,1956-06-25 00:00:00,6,Im Roten Bach,123,7,1
570,Jan,Hofmann,janhofmann81@web.de,m,1996-10-12 00:00:00,10,Am grünen Herrenweg,20,3377,0
571,Sylwia,Zink,sy.zink1984@gmail.com,w,1984-03-31 00:00:00,12,Auf der Reitbahn,96,255,1
572,Michaela,Kock,michaelakock@outlook.com,w,1979-03-07 00:00:00,8,Ringstraße,45,1750,1
573,Daniel,Grabowski,d.grabowski84@aol.com,m,1984-07-22 00:00:00,8,Nordecker Weg,22,1892,0
574,Thomas,Steffens,thomas-steffens96@gmx.de,Keine Angabe,1996-09-03 00:00:00,7,Dietesheimer Straße,13,1462,0
575,Sebastian,Seitz,seseitz@gmx.de,m,1982-09-14 00:00:00,3,Im Winkel,97,2017,0
576,Lena,Wittmann,lenawittmann@icloud.com,d,1999-10-19 00:00:00,10,Schloßwaldweg,39,2091,0
577,Christoph,Müller,christophmueller92@1und1.de,m,1992-06-10 00:00:00,10,Mundipharmastraße,6,1949,0
578,Hendrik,Lange,lange.hendrik1979@gmail.com,Keine Angabe,1979-06-11 00:00:00,8,Industriestraße,63,2142,0
579,Manuel,Kling,mkling@t-online.de,m,1975-06-11 00:00:00,3,Brandauer Weg,12,2036,0
580,Dennis,Grimm,dennis-grimm@mail.de,m,1982-12-01 00:00:00,3,Erich-Kästner-Schule,14,1405,0
581,Joanna,Bauer,bauer-joanna@web.de,w,1975-09-29 00:00:00,4,Buchenweg,24,1195,1
582,Karoline,Buschmann,karoline.buschmann@gmail.com,w,1987-09-20 00:00:00,3,Oberaulaer Straße,28,23,1
583,Peter,Barthel,barthel.peter53@gmx.net,m,1953-02-26 00:00:00,6,Kohlwaldstraße,42,709,0
584,Eva,Böttger,eva_boettger@gmx.de,w,1983-02-12 00:00:00,8,Unterer Hellrain,20,1058,1
585,Lilli,Richter,lillirichter@gmail.com,w,2003-07-23 00:00:00,13,Am Lingenacker,2,2011,1
586,Annika,Lutz,lutz.annika88@t-online.de,w,1988-05-17 00:00:00,8,Gewerbepark Untere Au,59,1270,1
587,Sofie,Eckstein,s.eckstein1996@web.de,w,1996-01-16 00:00:00,6,Bachhorststraße,10,1480,1
588,Konrad,Haas,k-haas@gmail.com,m,1997-12-30 00:00:00,5,Ausbachweg,81,2090,0
589,Nina,Schneider,n.schneider@gmail.com,w,1998-07-25 00:00:00,10,Grimelsheimer Straße,12,789,1
590,Lennard,Paul,l_paul@gmail.com,m,2005-12-02 00:00:00,10,Schneidergäßchen,6,2952,0
591,Julia,Schüler,schueler_julia1984@gmx.de,w,1984-11-26 00:00:00,3,Am Menzog,4,2465,1
592,Susanne,Kellner,skellner@t-online.de,w,1975-05-27 00:00:00,1,Meisenweg,42,960,1
593,Klara,Stark,klarastark2000@web.de,w,2000-06-19 00:00:00,12,Waldstraße,13,658,1
594,Natascha,Lenz,lenz.natascha@icloud.com,w,1992-05-07 00:00:00,1,Vor dem Wiesenborn,127,1835,1
595,Max,Forster,forstermax@gmail.com,m,1991-11-15 00:00:00,12,Frühlingsweg,30,2388,0
596,Martina,Schulze,mschulze1972@gmx.de,w,1972-11-18 00:00:00,9,Schlosspark,110,1638,1
597,Anna,Haase,annahaase@1und1.de,w,1996-04-25 00:00:00,7,Am Sandring,42,1859,1
598,Julia,Weber,jweber@outlook.com,w,1990-06-08 00:00:00,4,Schwalbenweg,20,289,1
599,Mats,Schnabel,ma_schnabel@gmx.net,m,2004-12-31 00:00:00,10,Im Grundsee,49,2443,0
600,Klara,Oswald,kl_oswald2002@gmail.com,w,2002-01-09 00:00:00,12,Im Geidelbach,96,739,1
601,Artur,Mader,a_mader1998@t-online.de,m,1998-06-03 00:00:00,5,Hahnhof,85,1732,0
602,Patrick,Voigt,voigt.pa97@gmail.com,m,1997-09-21 00:00:00,5,Sonnbergsweg,4,1979,0
603,Ilona,Hildebrandt,hildebrandtilona@gmx.de,w,1956-03-30 00:00:00,6,Von-Schildeck-Straße,181,1492,1
604,Hendrik,Hahn,hahn.hendrik64@outlook.com,m,1964-06-23 00:00:00,4,Unterer Hellweg,57,1515,0
605,Julia,Werner,juwerner54@gmx.net,w,1981-06-09 00:00:00,3,An der Kolonie,21,1757,1
606,Janine,Martin,janinemartin@freenet.de,w,1993-01-03 00:00:00,7,Am Buch,5,1859,1
607,Philipp,Gärtner,philipp-gaertner@gmail.com,m,1996-04-09 00:00:00,,Hahnenbuschstraße,16,572,0
608,Georg,Schneider,georg_schneider@-schneider.de,m,1951-03-25 00:00:00,6,Zum Oberfeld,9,1858,0
609,Fabian,Hannemann,fabian.hannemann1988@1und1.de,m,1988-02-08 00:00:00,8,Kirchstraße,81,3367,0
610,Marco,Fischer,marcofischer79@t-online.de,d,1979-04-20 00:00:00,8,Lindenstraße,13,2485,0
611,Mohammed,Barth,mohammed.barth03@gmail.com,m,2003-11-07 00:00:00,10,Bussardstraße,37,1140,0
612,Jan,Scholz,janscholz1981@outlook.com,m,1981-01-17 00:00:00,3,Dorfplatz,36,2667,0
613,Jörg,Nguyen,joerg_nguyen@gmx.net,m,1967-03-19 00:00:00,,Nelkenstraße,68,1931,0
614,Sabine,Böttcher,sabine.boettcher61@gmx.net,w,1961-07-08 00:00:00,4,Blumenstraße,127,2031,1
615,Manfred,Becker,m.becker64@gmx.de,m,1964-10-24 00:00:00,9,Schützenstraße,122,461,0
616,Bastian,Hoffmann,bastian.hoffmann74@web.de,m,1974-05-25 00:00:00,8,Buchenweg,77,2004,0
617,Max,Witte,max.witte@outlook.com,m,1997-03-14 00:00:00,7,Konroder Straße,27,2150,0
618,Lutz,Schulte,luschulte@gmx.de,m,1960-11-17 00:00:00,10,Steingassgärten,34,621,0
619,Annika,Linke,a.linke@gmx.de,w,1985-09-11 00:00:00,8,Veilchenweg,150,423,1
620,Mike,Maier,mmaier87@gmail.com,m,1987-08-10 00:00:00,3,Unterm Goldbachshain,52,618,0
621,Karen,Jakobs,jakobsk1969@gmx.de,w,1969-10-10 00:00:00,7,Akazienweg,29,395,1
622,Anna,Lechner,anlechner@t-online.de,w,1991-04-14 00:00:00,2,Rauschpennstraße,81,277,1
623,Adrian,König,adriankoenig12@gmail.com,m,1986-11-21 00:00:00,8,Frankenheimer Straße,10,1303,0
624,Christian,Bär,cbaer@gmail.com,m,1976-11-21 00:00:00,4,Riemenstädterweg,3,1057,0
625,Constantin,Stumpf,c.stumpf@freenet.de,m,1986-12-10 00:00:00,8,Bahnhofstraße,8,2266,0
626,Imke,Vogel,vogel_imke@me.com,w,1979-04-15 00:00:00,3,Niedergärten,40,1562,1
627,Katja,Müller,muellerkatja1990@gmx.net,w,1990-09-03 00:00:00,3,Im Erlenfeld,21,1370,1
628,Wilfried,Bernhardt,wilfriedbernhardt1961@gmx.net,m,1961-11-21 00:00:00,1,Solinger Straße,17,1656,0
629,Natascha,Noll,nnoll@gmx.net,d,1975-02-14 00:00:00,9,Neuschloßstraße,3,677,0
630,Henning,Reichert,henningreichert04@web.de,m,2004-05-18 00:00:00,5,Im Alten Bach,54,2341,0
631,Leon,Trautmann,le-trautmann@gmx.de,m,1990-05-06 00:00:00,8,Lempstraße,6,384,0
632,Sabrina,Hoffmann,hoffmannsabrina@yahoo.de,w,1966-05-01 00:00:00,4,Hardertsmühle,6,1205,1
633,Enrico,Schulz,enrico.schulz@web.de,m,1981-07-25 00:00:00,8,Horloffstraße,11,2476,0
634,Nicole,Hanke,nicolehanke1970@outlook.com,w,1970-06-16 00:00:00,9,Ahornweg,81,1735,1
635,Jan,Krüger,jan.krueger@freenet.de,m,2002-07-30 00:00:00,,Am Sportplatz,75,1349,0
636,Hermann,Böhm,h.boehm@gmx.de,m,1967-05-16 00:00:00,4,Eichwiesstraße,24,130,0
637,Leonardo,Hecht,leonardo-hecht2000@mail.de,m,2000-04-12 00:00:00,12,Dorfstraße,18,2235,0
638,Kim,Groß,kimgross27@t-online.de,w,2000-04-06 00:00:00,10,Vor dem Wehrgras,6,2225,1
639,Lennard,Kuhlmann,l.kuhlmann@gmx.de,m,2004-11-30 00:00:00,9,Nordstraße,21,1891,0
640,Manuel,Strobel,manuelstrobel86@t-online.de,m,1986-06-10 00:00:00,8,Pfingstweid,12,1817,0
641,Deniz,Weber,weber_de@gmx.de,m,1988-12-12 00:00:00,3,Spanröse,33,1558,0
642,Gabriele,Walther,walthergabriele1966@yahoo.mail,w,1966-10-06 00:00:00,4,Corveyer Straße,26,1920,1
643,Thilo,Fuhrmann,thilofuhrmann@gmx.de,m,1962-06-02 00:00:00,4,Salzgasse,32,1780,0
644,Jannes,Jürgens,juergens-jannes1992@gmx.de,m,1992-01-13 00:00:00,3,Am Giebel,16,1677,0
645,Christina,Müller,christinamueller1981@web.de,w,1981-08-19 00:00:00,8,Felsberg,3,2189,1
646,Kevin,Lemke,klemke95@icloud.com,m,1995-05-03 00:00:00,7,Am Wilmenried,194,705,0
647,Birte,Braun,birte-braun@mail.de,Keine Angabe,1980-07-17 00:00:00,3,Im Storchennest,20,1420,0
648,Sibylle,Schütze,sibylleschuetze@gmx.de,w,1964-02-09 00:00:00,7,Am Müllerwäldchen,81,1176,1
649,Michael,Jansen,michaeljansen@1und1.de,m,1990-10-27 00:00:00,,Jahnstraße,65,78,0
650,Mario,Bauer,mario_bauer53@gmail.com,m,1953-11-08 00:00:00,6,Dachsweg,19c,724,0
651,Christin,Schmidt,christin_schmidt@-schmidt.de,w,1986-11-09 00:00:00,12,Unter der Böhl,49,252,1
652,Cathrin,Winkler,cathrin_winkler@gmail.com,w,1985-05-11 00:00:00,3,Hinter dem Schlädchen,11,50,1
653,Manuela,Hertel,manuela.hertel@outlook.com,w,1983-05-14 00:00:00,3,Unterm Laufholz,9,2333,1
654,Jannes,Meyer,jmeyer1993@yahoo.de,m,1993-07-04 00:00:00,10,Zum Rotacker,25,1807,0
655,Melanie,Köster,melaniekoester@1und1.de,w,1999-06-16 00:00:00,10,Wittigstraße,24,2143,1
656,Pia,Gerlach,pia-gerlach@gmx.de,w,2006-07-31 00:00:00,10,Ginsterweg,35,386,1
657,Stefan,Stamm,stefan-stamm@outlook.com,m,1987-09-03 00:00:00,8,Ahornweg,23,1768,0
658,Swen,Simon,swensimon@gmx.net,m,1978-02-14 00:00:00,11,Lattwiesenweg,2,1404,0
659,Andreas,Körner,koernera@web.de,m,1972-03-05 00:00:00,5,Kegelbann,52,1897,0
660,Christoph,Schulz,christoph_schulz98@gmx.de,m,1998-06-19 00:00:00,5,Roosevelt Avenue,84,1326,0
661,Marina,Müller,marinamueller@gmx.de,w,1968-03-30 00:00:00,2,Burggraben,11,1799,1
662,Jan,Christiansen,jchristiansen@gmx.de,m,1995-09-04 00:00:00,6,Zum Walberg,26,1898,0
663,Alicia,Schneider,schneider-alicia@gmail.com,w,1991-02-18 00:00:00,3,Am Pfingstbrunnen,1,2456,1
664,Victor,Schuster,victor_schuster69@1und1.de,m,2003-01-25 00:00:00,5,Jahnstraße,5,1235,0
665,Lucas,Schreiber,lucasschreiber@gmail.com,m,2002-11-05 00:00:00,9,Hedwig-Dohm-Weg,7,2678,0
666,Sven,Brenner,s.brenner@gmx.de,m,1992-10-03 00:00:00,7,Raststätte Langen-Bergheim West,39,1652,0
667,Britta,Steffen,steffenbritta1969@yahoo.de,w,1969-07-18 00:00:00,7,An den Herrenhäusern,78,2731,1
668,Christopher,Marx,christophermarx@gmail.com,m,1998-10-20 00:00:00,5,Sperlingstraße,27,2857,0
669,Jennifer,Hoffmann,jenniferhoffmann@yahoo.de,w,1997-05-19 00:00:00,12,Illstraße,24,2146,1
670,Michel,Hummel,michel.hummel1993@gmail.com,m,1993-11-06 00:00:00,7,Am Bahnhof,31,1852,0
671,Sabine,Müller,sabinemueller1958@freenet.de,w,1958-09-03 00:00:00,9,Waldstraße,24,1242,1
672,Bernd,Schwarz,schwarzbernd@gmx.net,m,1968-07-09 00:00:00,9,Otto-Kämper-Ring,7,3403,0
673,Frederic,Schindler,fschindler@schindler.de,m,1991-02-09 00:00:00,3,Am Galgenkopf,10,526,0
674,Sara,Riedel,sa-riedel@gmx.de,Keine Angabe,1993-11-19 00:00:00,10,Granfeld,18,1176,0
675,Tina,Burghardt,tina.burghardt7@gmx.de,w,1984-05-25 00:00:00,8,Rosengraben,63,2882,1
676,Kerstin,Ebeling,kebeling@t-online.de,w,1980-03-30 00:00:00,8,Wiesenweg,87,1523,1
677,Joel,Schumann,schumannjoel@j-schumann.de,m,1994-12-21 00:00:00,10,Knappschaftsweg,26,1216,0
678,Vievienne,Brauer,vieviennebrauer90@freenet.de,w,1990-12-14 00:00:00,8,Habermannskreuz,18,1711,1
679,Eileen,Langer,eileenlanger@gmx.de,w,2009-01-05 00:00:00,10,Oberer Rennebaum,48,1450,1
680,Laura,Heidenreich,lauraheidenreich@mail.de,w,1998-10-06 00:00:00,10,Lindenallee,40,413,1
681,Constantin,Eckstein,constantin.eckstein2005@mail.de,m,2005-07-04 00:00:00,5,Am Nordhang,117,652,0
682,Christopher,Bayer,christopherbayer1976@gmx.de,m,1976-03-09 00:00:00,4,Koberner Straße,18,1272,0
683,Johan,Böttcher,j_boettcher@outlook.com,m,1994-12-30 00:00:00,7,Am Steinkopf,123,802,0
684,Jasmina,Wenzel,wenzel.jasmina@gmx.de,w,1984-09-19 00:00:00,8,Alter Graben,8,1570,1
685,Felicitas,Bastian,felicitasbastian@web.de,w,2003-09-16 00:00:00,13,Reichenberger Straße,75,1884,1
686,Danny,Wahl,danny_wahl@web.de,m,2000-10-23 00:00:00,5,Höllgrabenweg,41,553,0
687,Natalie,Werner,natalie.werner@outlook.com,w,1981-07-22 00:00:00,4,Egenrother Weg,15,1109,1
688,Katrin,Scheffler,katrin.scheffler@mail.de,w,1971-02-15 00:00:00,4,Brombacher Weg,112,203,1
689,Oliver,Wagner,oliver_wagner@web.de,m,1994-02-19 00:00:00,10,Elsterpfad,131,315,0
690,Teresa,Lemke,teresa_lemke1993@mail.de,w,1993-05-12 00:00:00,10,Erlenweg,39,845,1
691,Philipp,Winter,winterphilipp@gmail.com,m,1994-11-21 00:00:00,10,Wittigstraße,23,1628,0
692,Lidia,Kaiser,lidiakaiser86@icloud.com,w,1986-06-08 00:00:00,3,Willi-Müller-Weg,58,1731,1
693,Julius,Schulz,juliusschulz1995@yahoo.de,m,1995-11-24 00:00:00,7,Alte Handelsstraße,30,1259,0
694,Maximilian,Heimann,maximilian-heimann@mheimann.de,m,1994-11-18 00:00:00,7,Ullrichsweg,19,881,0
695,Inge,Albers,ingealbers@web.de,w,1969-01-18 00:00:00,4,Zweifalltorweg,6,2127,1
696,Tanja,Kellermann,tanja.kellermann76@gmx.net,w,1976-10-09 00:00:00,4,Kallstädter Talstraße,24,164,1
697,Wiebke,Wolf,wiebkewolf@t-online.de,w,1962-10-15 00:00:00,7,Wilhelm-Witzel-Straße,10,1609,1
698,Michael,Bader,m.bader@gmail.com,m,1977-07-16 00:00:00,3,Neue Straße,39,1002,0
699,Sascha,Sonntag,sascha.sonntag@me.com,m,1997-09-25 00:00:00,,Wolfsstück,20,1779,0
700,Dario,Brinkmann,dbrinkmann@icloud.com,m,1997-07-31 00:00:00,10,Poststraße,68,332,0
701,Daniela,Klein,d.klein72@gmx.net,w,1972-05-28 00:00:00,8,Magellanstraße,25,1507,1
702,Adrian,Franz,adrianfranz03@gmx.de,m,2003-10-23 00:00:00,5,Mühlenstraße,30,1730,0
703,Arne,Schäfer,arschaefer03@web.de,m,2003-03-17 00:00:00,4,Poststraße,38,669,0
704,Daniel,Müller,dmueller@web.de,m,1981-06-30 00:00:00,8,Vernaer Straße,17,1695,0
705,Karen,Raab,karenraab@outlook.com,w,1976-07-31 00:00:00,4,Obere Hasengasse,164,2101,1
706,Anton,Fuchs,antonfuchs@web.de,m,1999-03-14 00:00:00,5,Wachhöhlenweg,164,757,0
707,Jörg,Borchert,j.borchert@j-borchert.de,m,1972-09-13 00:00:00,8,Vorbach,68,1170,0
708,Enrico,Mayer,enrico.mayer@1und1.de,m,1988-05-02 00:00:00,8,Mozartstraße,31,1650,0
709,Valentin,Hinrichs,v-hinrichs@vhinrichs.de,Keine Angabe,1996-04-30 00:00:00,10,Außenliegend 25,2,1115,0
710,Hannah,Schumacher,h-schumacher07@web.de,w,2007-03-17 00:00:00,10,Lerchenweg,46,2007,1
711,Moritz,Heinemann,moritzheinemann08@freenet.de,m,2008-12-25 00:00:00,5,Wacholderweg,1,169,0
712,Claudia,Eckert,eckertc@web.de,w,1974-09-06 00:00:00,4,Kiesbergstraße,7,3505,1
713,Sara,Neugebauer,s_neugebauer53@gmx.de,w,1991-01-31 00:00:00,3,Domäne Wacholderhof,77,9,1
714,Lea,Geyer,geyerlea@icloud.com,w,1981-03-21 00:00:00,8,Tulpenstraße,10,788,1
715,Marco,Meyer,marcomeyer72@t-online.de,m,1972-10-12 00:00:00,11,Weberweg,26,1381,0
716,Hannah,Philipp,philipp.hannah@gmx.de,w,2006-02-28 00:00:00,10,Brombacher Weg,84,2964,1
717,Lorena,Ullmann,ullmann.lorena@gmail.com,w,2000-03-14 00:00:00,12,Mündener Straße,44,491,1
718,Melanie,Wolff,melanie.wolff@t-online.de,w,1968-06-07 00:00:00,7,Im Kitzwinkel,13,3231,1
719,Iris,Ludwig,iris.ludwig@t-online.de,w,1984-02-29 00:00:00,7,Birkenweg,7,2278,1
720,Konstanze,Schönfeld,konstanze-schoenfeld1964@gmx.de,w,1964-06-13 00:00:00,9,Siemensstraße,26,881,1
721,Ivan,Behrens,behrens_ivan@web.de,m,1989-06-07 00:00:00,3,An der Kommandantur,1,2520,0
722,Tobias,Rademacher,rademachertobias@web.de,m,1996-07-14 00:00:00,13,Außenliegend 25,11,2037,0
723,Axel,Heinrichs,axelheinrichs@web.de,m,1985-03-11 00:00:00,,Kirchstraße,24,2794,0
724,Merlin,Sievers,msievers1997@gmail.com,m,1997-08-23 00:00:00,10,An St. Peter,82,1526,0
725,Annabelle,Schuler,aschuler00@outlook.com,w,2000-05-12 00:00:00,12,Unterm Bau,90,66,1
726,Catarina,Kaufmann,catarina.kaufmann81@gmail.com,w,1981-05-18 00:00:00,4,Lessingstraße,148,1033,1
727,Stefan,Schmitt,schmitt.stefan@schmitt.de,m,1970-02-14 00:00:00,7,Eduard-Oehler-Straße,18,2954,0
728,Lea,Rösch,l.roesch@web.de,w,1995-10-04 00:00:00,10,Birkenweg,163,1115,1
729,Benjamin,Schulze,bschulze1986@gmx.de,m,1986-09-08 00:00:00,8,Grüner Weg,8,313,0
730,Jörg,Münch,joergmuench@me.com,m,1978-08-11 00:00:00,8,Mühlenweg,12,868,0
731,Andrea,Hinrichs,a.hinrichs@web.de,w,1969-01-18 00:00:00,3,Grabenstraße,23,431,1
732,Tobias,Hartmann,thartmann@gmx.de,Keine Angabe,1996-06-05 00:00:00,1,Johann-Carl-Koch-Straße,26,621,0
733,Paul,Busch,busch.paul@gmx.net,m,1963-10-14 00:00:00,9,Am Lachsgraben,159,1413,0
734,Julia,Fischer,julia-fischer@aol.com,w,1998-04-25 00:00:00,12,Am Alten Markt,31,735,1
735,Kristina,Barth,kbarth2005@web.de,w,2005-11-23 00:00:00,13,Grimmsche Straße,29,1208,1
736,Heike,Huber,hhuber1970@t-online.de,w,1970-12-18 00:00:00,7,Alter Graben,14,660,1
737,Sara,Nagel,sara_nagel@gmx.de,w,1986-09-13 00:00:00,8,Veilchenweg,3,353,1
738,Laura,Scherer,lascherer@aol.com,w,2005-10-19 00:00:00,10,Kirchplatz,8,2176,1
739,Tim,Zimmermann,tim-zimmermann2000@gmx.de,d,2000-12-19 00:00:00,11,Am Westerfeld,14,2224,0
740,Paul,Dieckmann,paul.dieckmann@freenet.de,m,1993-02-24 00:00:00,7,Schlosspark,17,922,0
741,Felix,Michels,felix-michels@gmail.com,m,1994-08-05 00:00:00,7,Im Prüfling,78,1355,0
742,Maik,Hahn,mahahn97@1und1.de,m,1997-02-21 00:00:00,10,Eulenofenrain,9,2297,0
743,Marius,Winter,m.winter81@gmail.com,m,1994-08-10 00:00:00,10,Carl-Kronenberger-Straße,5,1494,0
744,Silke,Wiedemann,silke_wiedemann1962@t-online.de,w,1962-01-21 00:00:00,4,Ringstraße,8,1857,1
745,Julia,Baum,baumjulia1995@gmx.de,w,1995-10-21 00:00:00,12,Struthring,32,226,1
746,Friedrich,Kramer,f_kramer69@gmail.com,m,1969-07-03 00:00:00,2,Goldparmänenweg,27,76,0
747,Wiebke,Hennig,wiebke.hennig@gmx.net,w,1978-03-05 00:00:00,3,Im Prüfling,5,2326,1
748,Maria,Hecht,mhecht1967@yahoo.de,w,1967-02-12 00:00:00,7,Im Finkenweg,25,1096,1
749,Christine,Ludwig,christine-ludwig@gmail.com,w,1963-06-29 00:00:00,9,Marienstraße,21,2431,1
750,Alexander,Klein,alexanderklein@a-klein.de,m,1972-05-03 00:00:00,4,Am Menzog,20,1930,0
751,Artur,Haug,haugar@web.de,m,1995-08-26 00:00:00,10,Am Birkes,34,1597,0
752,Leonie,Müller,leonie-mueller@web.de,w,2002-06-19 00:00:00,12,Mörikestraße,46,1006,1
753,Claudia,Auer,c-auer@web.de,w,1988-10-16 00:00:00,3,Stöcksweg,11,122,1
754,Ann,Drescher,dreschera@gmail.com,w,2004-10-07 00:00:00,13,Georg-Bauschmann-Straße,55,1210,1
755,Christian,Lehmann,christian-lehmann@t-online.de,m,1994-06-11 00:00:00,2,Goethestraße,7,2864,0
756,Jannes,Meyer,meyerjannes1990@web.de,m,1990-10-21 00:00:00,3,Rosenweg,22,548,0
757,Patrizia,Janzen,patriziajanzen@outlook.com,w,1979-07-15 00:00:00,12,Spanröse,49,291,1
758,Peter,Wiesner,peter.wiesner72@gmail.com,m,1972-04-18 00:00:00,1,Am Schwarzenstein,46,1713,0
759,Julia,Baumgart,baumgart_julia@web.de,w,1985-05-07 00:00:00,2,Am Heuerberg,4,209,1
760,Christian,Richter,christianrichter@web.de,m,1999-08-27 00:00:00,5,Neue Straße,74,1538,0
761,Patrick,Krause,pa_krause@gmx.de,m,1974-08-13 00:00:00,4,Weiherstraße,58,1548,0
762,Birgit,Beck,beck.b1969@gmail.com,w,1969-10-19 00:00:00,7,Johann-Peter-Schäfer-Straße,59,1076,1
763,Konrad,Gebauer,gebauer_konrad95@gmx.net,m,1995-02-01 00:00:00,7,An den Mertzgärten,13,137,0
764,Rebecca,Sommer,rebecca.sommer@yahoo.de,w,1979-02-15 00:00:00,3,Tannenstraße,4,3309,1
765,Christopher,Zimmer,zimmer.christopher@christopherzimmer.de,m,1992-04-14 00:00:00,3,Haenischstraße,23,497,0
766,Muhammed,Köhn,muhammed.koehn@icloud.com,m,1991-08-12 00:00:00,3,Am Ziegelgarten,7,1412,0
767,Steven,Rohde,stevenrohde@yahoo.de,m,1974-06-15 00:00:00,4,Auf den Zäunen,95,2084,0
768,Arne,Graf,a_graf@yahoo.de,m,1990-11-01 00:00:00,3,Am Anger,17,763,0
769,Petra,Wolf,wolfp@gmx.de,w,1963-02-18 00:00:00,2,Finkenweg,37,3238,1
770,Catarina,Thomas,thomas_ca@gmx.de,w,1989-10-16 00:00:00,2,Knappschaftsweg,3,1227,1
771,Julia,Arnold,julia_arnold@gmx.de,w,2000-10-14 00:00:00,10,Pfefferacker,1,980,1
772,Steffen,Herrmann,steffen.herrmann61@gmail.com,m,1993-06-19 00:00:00,7,Am Roten Born,22,1257,0
773,Simon,Vogel,simon.vogel1972@icloud.com,m,1972-12-10 00:00:00,4,Frankenheimer Straße,28,765,0
774,Nadine,Decker,na.decker@yahoo.de,w,1980-06-27 00:00:00,3,Hinter'm Dorfe,10,2198,1
775,Janina,Brockmann,janina.brockmann@icloud.com,w,1990-03-06 00:00:00,3,Sudetenlandstraße,55,517,1
776,Jacqueline,Heuer,heuerjacqueline@gmail.com,w,1982-08-09 00:00:00,3,Bückebergsgrund,40,1041,1
777,Alexander,Wagner,al.wagner72@gmx.net,m,1972-03-22 00:00:00,7,Karl-Eckel-Weg,40,1919,0
778,Norbert,Richter,richter-norbert65@norbertrichter.de,m,1965-08-26 00:00:00,9,Hölderlinstraße,1,1088,0
779,Laura,Frisch,laurafrisch@gmx.de,w,1994-05-28 00:00:00,7,Waldstraße,51,2250,1
780,Verena,Keller,verena.keller@gmail.com,w,1964-06-04 00:00:00,4,Wiesenstraße,14,228,1
781,Lucas,Reichert,lreichert96@reichert.de,m,1996-12-14 00:00:00,10,Sudetenstraße,18,2766,0
782,Philip,Fritz,philip.fritz@yahoo.mail,m,1987-06-04 00:00:00,3,Birkenstraße,17,1841,0
783,Louisa,Günther,l-guenther1997@freenet.de,w,1997-02-15 00:00:00,7,Seckbacher Landstraße,143,1196,1
784,Letizia,Dittmann,letizia_dittmann@yahoo.mail,w,2006-08-29 00:00:00,10,Nordecker Weg,10,2241,1
785,Stefan,Schumacher,sschumacher@web.de,m,1989-09-05 00:00:00,2,Alte Königsberger Straße,69,1790,0
786,Ronja,Sauter,ronja.sauter2000@gmail.com,w,2000-02-07 00:00:00,12,Grünau,115,1943,1
787,Elisa,Schulze,elisa-schulze@gmail.com,w,2001-09-30 00:00:00,3,Karl-Eckel-Weg,20,262,1
788,Sabine,Schmid,schmids60@yahoo.mail,w,1960-11-22 00:00:00,7,Gerhart-Hauptmann-Straße,12,3493,1
789,Maximilian,Homann,maximilian.homann@yahoo.de,m,1976-03-28 00:00:00,8,Bachstraße,10,1968,0
790,Carina,Jost,jostca@web.de,Keine Angabe,1975-11-01 00:00:00,4,Leimenkaute,86,1226,0
791,Sylwia,Maier,sylwiamaier@gmx.net,w,1982-09-21 00:00:00,,Walnußweg,73,590,1
792,Noah,Link,n-link@outlook.com,m,1997-12-30 00:00:00,9,Dammwiesen,24,278,0
793,Carina,Hirsch,hirsch_carina1983@gmx.de,w,1983-07-28 00:00:00,3,Reuterser Straße,34,2311,1
794,Wera,Herzog,herzog.w@yahoo.mail,w,1967-10-26 00:00:00,9,Zum Ritzenberg,147,745,1
795,Lea,Krüger,kruegerlea@web.de,w,2000-06-17 00:00:00,12,Burgstraße,40,2117,1
796,Anna,Klein,anna-klein@gmx.de,w,1990-03-07 00:00:00,13,Büchelbach,31,1022,1
797,Lucas,Schubert,lucasschubert@t-online.de,m,1998-04-18 00:00:00,10,Schwalbenweg,84,843,0
798,Robert,Meißner,r.meissner1980@mail.de,m,1980-12-19 00:00:00,6,Passetstraße,76,739,0
799,Mira,Richter,mira.richter1996@gmx.de,w,1996-05-12 00:00:00,1,Stettiner Straße,2,118,1
800,Alexandra,Müller,muelleralexandra@gmx.de,w,1996-07-19 00:00:00,7,Otto-Haesler-Straße,34,611,1
801,Nina,Müller,nina_mueller1985@outlook.com,w,1985-07-23 00:00:00,3,Beethovenstraße,48,1404,1
802,Katharina,Baumgarten,katharinabaumgarten74@t-online.de,w,1974-02-16 00:00:00,4,Hofmannstraße,12,494,1
803,Timm,Krauß,tikrauss92@web.de,m,1992-08-17 00:00:00,7,Gustavsburger Straße,32,824,0
804,Robert,Witte,robert.witte1993@gmx.de,m,1993-11-04 00:00:00,7,Bussardstraße,51,3500,0
805,Sabrina,Weber,webers@t-online.de,w,1980-01-04 00:00:00,3,Am Holing,54,1376,1
806,Olav,Müller,olavmueller@web.de,m,1973-09-26 00:00:00,9,An der Schleifmühle,2,472,0
807,Torsten,Brendel,torstenbrendel@1und1.de,m,1960-08-22 00:00:00,7,Felsberg,65,2308,0
808,Lea,Baier,lea.baier2000@t-online.de,w,2000-08-16 00:00:00,10,Distelbachstraße,22,3025,1
809,Pauline,Wolf,pauline.wolf@yahoo.de,w,2008-05-04 00:00:00,12,Haydnstraße,168,1358,1
810,Philipp,Friedrich,friedrichph1999@t-online.de,m,1999-06-25 00:00:00,10,Zum Jagdhaus,24,2409,0
811,Janine,Schilling,schillingjanine@outlook.com,w,1992-06-29 00:00:00,7,Villa Marti-Mau,51,1844,1
812,Nils,Schneider,schneider.nils@gmx.net,m,1976-05-08 00:00:00,8,Gewerbepark Untere Au,14,2362,0
813,Laura,Rohde,la.rohde1998@aol.com,w,1998-06-15 00:00:00,10,Schönauerhofstraße,179,1176,1
814,Elke,Kirsch,elke-kirsch1968@gmail.com,w,1968-08-27 00:00:00,4,Blumenweg,7,584,1
815,Jasmina,Frank,jasminafrank@outlook.com,w,1996-06-15 00:00:00,7,Urbanstraße,9,509,1
816,Martin,Stock,martin_stock@yahoo.mail,m,1988-12-07 00:00:00,8,Mozartstraße,74,1908,0
817,Arne,Hermann,ahermann@gmx.de,m,1982-02-11 00:00:00,3,Im Kitzwinkel,207,1784,0
818,Benedict,Bauer,bauer.benedict@yahoo.de,m,1999-05-05 00:00:00,5,Im Alten Bach,71,2322,0
819,Christina,Gerdes,christinagerdes1992@1und1.de,w,1992-11-24 00:00:00,10,Sudetenstraße,21,1852,1
820,Heidemarie,Wagner,wagner_heidemarie55@yahoo.de,w,1955-12-14 00:00:00,6,Stegerwaldstraße,24,221,1
821,Antonia,Baum,a-baum@yahoo.de,Keine Angabe,1993-11-25 00:00:00,3,Schubertweg,18,1207,0
822,Detlef,Müller,muellerd@aol.com,m,1963-07-11 00:00:00,7,Erich-Weiß-Straße,4,819,0
823,Max,Thiel,max_thiel@freenet.de,m,2004-12-11 00:00:00,5,Untere Haingasse,16,2324,0
824,Susanne,Berner,susanne.berner8@outlook.com,w,1966-01-27 00:00:00,4,Hellersbergweg,2,2,1
825,Ilona,Pusch,ilona-pusch@yahoo.de,w,1977-07-21 00:00:00,3,Industriestraße,10,2401,1
826,Franziska,Böhm,boehm_franziska@t-online.de,w,1999-07-07 00:00:00,,Laaker Weg,29,1002,1
827,Stefanie,Schweizer,stefanie.schweizer@outlook.com,w,1981-11-26 00:00:00,3,Wahlersee,89,1382,1
828,Christine,Müller,muellerchristine@gmx.de,w,1967-03-21 00:00:00,,Holzwiese,48,1329,1
829,Heike,Hermanns,heike_hermanns@gmx.de,w,1987-02-09 00:00:00,1,Schloßstraße,10,1431,1
830,Ali,Vogt,alivogt73@web.de,m,1973-06-01 00:00:00,1,Kirchstraße,36,1991,0
831,Sandra,Lechner,sandra_lechner@gmail.com,w,1984-02-01 00:00:00,3,Gutenbergstraße,20,1337,1
832,Lidia,Kuhlmann,lidia.kuhlmann97@gmx.de,d,1986-01-15 00:00:00,12,Oberaulaer Straße,147,196,0
833,Joeline,Spies,joelinespies@web.de,w,2004-05-05 00:00:00,10,Parkstraße,85,855,1
834,Hermann,König,hermann-koenig@t-online.de,m,1962-09-06 00:00:00,9,Fraukirch,22,3498,0
835,Mara,Göbel,mara_goebel@gmail.com,w,1996-07-07 00:00:00,7,Wiesenweg,1,2136,1
836,Sabine,Müller,sabinemueller@gmx.de,w,1977-08-28 00:00:00,13,Vordere Kisselmühle,2,2584,1
837,Dennis,Herrmann,dennisherrmann@mail.de,m,2008-04-09 00:00:00,3,Mühlenstraße,20,2059,0
838,Ole,Veit,ole_veit@gmx.de,m,1996-07-31 00:00:00,2,Beethovenstraße,54,1861,0
839,Jakob,Seidel,jakobseidel@web.de,m,1996-05-02 00:00:00,2,Mühlenweg,24,1651,0
840,Linda,Widmann,widmann-l@icloud.com,w,1983-08-01 00:00:00,3,Schwindstraße,14,1916,1
841,Antonio,Betz,abetz71@web.de,m,1971-09-09 00:00:00,7,Jahnstraße,18,1755,0
842,Jean,Büscher,jean-buescher1961@t-online.de,m,1961-07-16 00:00:00,4,Auf den Zäunen,14,1715,0
843,Joachim,Wagner,j_wagner@outlook.com,m,1962-04-27 00:00:00,7,Amselweg,6,2223,0
844,Johannes,Hoffmann,hoffmannjohannes@gmx.net,m,2000-07-04 00:00:00,10,Killingermühle,36,409,0
845,Lasse,Pape,papel2004@gmail.com,m,2004-05-04 00:00:00,,Victor-Gollancz-Weg,147,1684,0
846,Tobias,Graf,tobias-graf@outlook.com,m,1984-03-17 00:00:00,3,Erthalstraße,26,1121,0
847,Anna,Koch,akoch@outlook.com,w,1996-02-20 00:00:00,7,Niedergärten,41,3128,1
848,Tom,Schmitz,schmitzt@outlook.com,m,1989-06-13 00:00:00,,Wiesenstraße,18,1774,0
849,Jens,Wagener,j.wagener@web.de,m,1968-03-26 00:00:00,7,Salegrund,71,3444,0
850,Mats,Krämer,mats-kraemer@web.de,m,1993-07-29 00:00:00,7,Friedrichsgasse,25,2204,0
851,Janin,Winter,janin.winter@gmx.de,w,1987-03-31 00:00:00,3,Flurstraße,6,126,1
852,Dagmar,Stein,d.stein@icloud.com,w,1966-07-29 00:00:00,7,Stöcksweg,4,369,1
853,Julia,Schneider,schneider-ju@t-online.de,w,1986-09-14 00:00:00,7,Im Winkel,151,1618,1
854,Torsten,Hübner,t.huebner@gmx.net,m,1975-09-22 00:00:00,8,Am Sportplatz,32,1642,0
855,Helge,Wagener,helgewagener@gmx.net,m,1989-12-03 00:00:00,1,Unterm Goldbachshain,7,2383,0
856,Stefan,Barth,sbarth@t-online.de,m,1974-12-28 00:00:00,4,Kibitzmühle,51,1526,0
857,Birte,Albrecht,bi.albrecht1983@freenet.de,w,1983-09-14 00:00:00,3,Gimbacher Tann,3,653,1
858,Leon,Herrmann,l.herrmann@outlook.com,m,2008-01-29 00:00:00,10,Eichenweg,1,1185,0
859,Melanie,Ewald,melanieewald@-ewald.de,w,1989-10-05 00:00:00,8,Fasanenweg,20,2307,1
860,Jan,Jung,janjung1990@gmx.de,m,1990-01-23 00:00:00,8,Schlachthausgasse,25,1817,0
861,Josephine,Paul,josephine.paul@gmail.com,w,1997-12-31 00:00:00,13,Kirchstraße,107,1397,1
862,Lisa,Wolff,liwolff94@gmail.com,w,1994-08-11 00:00:00,6,Egenolfstraße,39,1200,1
863,Anne,Vogler,annevogler@gmail.com,w,1997-08-22 00:00:00,10,Zaunstraße,11,3516,1
864,Sebastian,Sievers,sebastiansievers@outlook.com,m,1988-12-21 00:00:00,3,Burschheckenweg,12,1802,0
865,Ute,Franz,utefranz@icloud.com,w,1971-05-20 00:00:00,7,Birkenweg,54,2210,1
866,Florian,Wolf,florian.wolf1988@gmx.de,m,1988-08-08 00:00:00,,Teiltriescherstraße,113,1869,0
867,Nicolai,Berger,nicolai.berger@web.de,m,1972-07-08 00:00:00,13,Kingelweg,27,1167,0
868,Christine,Kraft,christine.kraft@gmx.de,w,1997-03-30 00:00:00,6,Joh.-Friedrich-Böttger-Straße,81,1854,1
869,Julia,Klein,julia_klein81@gmail.com,w,1981-12-11 00:00:00,3,Ober-Ramstädter-Weg,40,1203,1
870,Wolfgang,Baumann,wolfgangbaumann@t-online.de,m,1983-05-03 00:00:00,8,Unterer Grimms,6,687,0
871,Sandra,Eisele,sandra.eisele@web.de,w,1970-08-26 00:00:00,7,Hippegasse,5,2836,1
872,Christoph,Hoppe,hoppe.christoph1983@-hoppe.de,m,1983-03-16 00:00:00,8,Schwindstraße,34,1833,0
873,Leni,Köster,lenikoester2010@gmx.de,w,2010-08-25 00:00:00,13,Am Bachrain,36,2375,1
874,Wera,Friedrichs,werafriedrichs1961@t-online.de,w,1961-06-17 00:00:00,7,Atzenheimweg,45,1251,1
875,Ralf,Sauer,sauerr42@web.de,m,1967-02-12 00:00:00,1,Im Gonzhäuser Feld,51,1599,0
876,Helge,Kramer,hkramer@t-online.de,m,1968-11-29 00:00:00,10,Am Pfingstbrunnen,84,1623,0
877,Lars,Rieger,larsrieger@gmx.de,m,1997-05-05 00:00:00,5,Marktplatz,19,1618,0
878,Victor,Wilde,victor.wilde@mail.de,m,1970-07-05 00:00:00,7,Im Schrack,90,1134,0
879,Alexandra,Brandt,alexandra.brandt@t-online.de,w,1989-06-28 00:00:00,3,Am Würfelweg,141,1632,1
880,Tristan,Fischer,tristan_fischer@yahoo.mail,m,2008-05-23 00:00:00,5,Zum Schöffengrund,69,141,0
881,Andrea,Schröder,aschroeder@web.de,Keine Angabe,1974-05-29 00:00:00,4,Oberer Hilsigweg,201,1401,0
882,Luca,Rapp,lucarapp45@gmx.net,m,2000-04-11 00:00:00,10,Nordecker Weg,50,1835,0
883,Christina,Hoffmann,c.hoffmann@web.de,w,1960-06-11 00:00:00,1,Ringstraße,11,573,1
884,Jan,Eggert,jan_eggert69@outlook.com,m,1969-06-14 00:00:00,7,Am Anger,8,897,0
885,René,Weber,reneweber1997@web.de,m,1997-07-11 00:00:00,10,Londorfer Weg,44,1435,0
886,Julia,Albert,juliaalbert@web.de,w,1982-01-24 00:00:00,3,Köhlergasse,8,1578,1
887,Thorben,Schnabel,schnabelthorben1980@outlook.com,m,1980-12-20 00:00:00,8,Schlosspark,131,860,0
888,Maike,Renner,maikerenner@freenet.de,w,2005-09-04 00:00:00,13,Ausbachweg,32,627,1
889,Lena,Schneider,lena-schneider@web.de,w,1995-12-24 00:00:00,7,Klein-Karbener-Straße,62,534,1
890,Aylin,Knobloch,aylin.knobloch92@gmail.com,w,1992-04-21 00:00:00,3,Am Roten Born,52,17,1
891,Imke,Kroll,imke.kroll@web.de,w,1965-06-14 00:00:00,7,Jahnstraße,74,3238,1
892,Miriam,Klein,m_klein70@t-online.de,w,1970-01-14 00:00:00,7,Am Kastell,51,1248,1
893,Christina,Reiß,reiss-christina@icloud.com,Keine Angabe,1994-09-17 00:00:00,10,Hofgut Winnerod,113,1565,0
894,Holger,Ackermann,h-ackermann@gmx.de,m,1968-03-25 00:00:00,3,Industriestraße,19,2227,0
895,Ayleen,Wichmann,ay.wichmann@outlook.com,w,1982-08-21 00:00:00,3,Unterm Berg,27,1343,1
896,Svenja,Hermanns,s_hermanns@gmx.de,w,1996-10-27 00:00:00,10,Heegteilstraße,67,3295,1
897,Ingeborg,Zimmermann,ingeborgzimmermann@t-online.de,w,1963-02-25 00:00:00,7,Brunnenweg,13,3111,1
898,Lea,Kühn,l.kuehn@web.de,w,1992-07-25 00:00:00,7,Johann-Georg-Elser-Straße,50,190,1
899,Dierk,Schneider,schneider.dierk@mail.de,m,1989-01-31 00:00:00,3,Neudorfweg,62,173,0
900,Lucas,Merz,lucasmerz@t-online.de,m,1994-11-03 00:00:00,3,Riegenstücke,30,131,0
901,Kerstin,Eggers,kerstin.eggers@aol.com,w,1968-06-20 00:00:00,4,Waldsteiner Hof,73,1153,1
902,Ann,Seitz,ann.seitz1981@yahoo.de,Keine Angabe,1981-08-10 00:00:00,8,Uhlandstraße,8,1951,0
903,Kevin,Kruse,k-kruse@kruse.de,m,1976-07-19 00:00:00,8,Stückergraben,18,979,0
904,Burghard,Schumacher,burghard-schumacher@outlook.com,m,1969-10-24 00:00:00,9,Mardensieg,9,1827,0
905,Mohammed,Schleicher,mohammed_schleicher55@web.de,m,2002-10-26 00:00:00,5,Johann-Carl-Koch-Straße,15,507,0
906,Anna,Ludwig,a-ludwig99@ludwig.de,w,1999-07-10 00:00:00,13,Wiesengrund,9,390,1
907,Maximilian,Petry,maximilian.petry@outlook.com,m,2003-04-08 00:00:00,5,Am Petershof,1,176,0
908,Lilli,Knobloch,li-knobloch@gmail.com,w,2005-11-16 00:00:00,10,Vor der Höhe,4,2104,1
909,Tom,Petersen,tompetersen94@gmx.de,Keine Angabe,1994-11-18 00:00:00,10,Rosenweg,9,2264,0
910,Stefanie,Heilmann,sheilmann1979@gmx.de,w,1979-07-03 00:00:00,1,Kastanienweg,65,1841,1
911,Paul,Schaub,paulschaub@gmail.com,m,1998-05-10 00:00:00,10,Ullrichsweg,61,850,0
912,Dominic,Grünewald,dominic.gruenewald@web.de,m,1988-06-06 00:00:00,3,Vor der Pulvermühle,18,651,0
913,Jens,Ludwig,ludwigjens@gmx.net,m,1996-05-22 00:00:00,7,Schreibersche Mühlweg,163,1053,0
914,Maria,Meier,mariameier@web.de,w,1991-03-18 00:00:00,13,Dorothea-Schlegel-Straße,31,564,1
915,Marcus,Frick,mfrick@gmx.de,m,1970-03-01 00:00:00,13,Am Bachrain,75,1577,0
916,Leon,Altmann,leon_altmann@web.de,m,1994-08-05 00:00:00,10,Stornfelser Straße,6,2317,0
917,Johanna,Richter,johanna_richter@aol.com,w,1980-03-26 00:00:00,3,Fasanenweg,114,1727,1
918,Markus,Schreiber,ma-schreiber69@gmail.com,m,1969-10-26 00:00:00,7,Hohlweg,23,2954,0
919,Rebekka,Engel,rengel@yahoo.de,d,1992-09-27 00:00:00,10,Rosenstraße,104,385,0
920,Anna,Schultz,anschultz93@outlook.com,w,1993-02-10 00:00:00,11,Klingenthaler Straße,78,2526,1
921,Vievienne,Schober,schobervievienne1994@gmail.com,w,1994-08-04 00:00:00,7,Laternenweg,18,2236,1
922,Janina,Förster,j.foerster9@gmx.net,w,1994-03-22 00:00:00,10,Birkenweg,13,1788,1
923,Amelie,Lehmann,amelie-lehmann@outlook.com,w,2003-11-16 00:00:00,13,Rosenweg,42,1617,1
924,Mariella,Geißler,geissler-ma@outlook.com,Keine Angabe,2000-12-07 00:00:00,11,Eubertsweg,72,90,0
925,Mathias,Geißler,mathiasgeissler99@gmx.de,m,1999-06-10 00:00:00,,Vereinshausweg,117,1980,0
926,Rebecca,Thomas,rebecca.thomas04@1und1.de,w,2004-03-11 00:00:00,6,Franz-Wieber-Straße,21,946,1
927,Olga,Spindler,o_spindler89@freenet.de,w,1989-03-01 00:00:00,8,Schützenstraße,77,1932,1
928,Dirk,Scholl,dirkscholl23@gmail.com,m,1978-07-16 00:00:00,7,An der Heide,12,1273,0
929,Oliver,Baumann,ol.baumann02@icloud.com,m,2002-03-30 00:00:00,5,Friedrichstraße,16,647,0
930,Elena,Schilling,schilling.el@gmail.com,w,1979-09-11 00:00:00,3,Am Schäfergraben,101,616,1
931,Luisa,Klein,luisaklein2002@t-online.de,w,2002-07-08 00:00:00,13,Kirchberg,10,238,1
932,Jürgen,Müller,juergenmueller82@gmail.com,m,1968-12-22 00:00:00,9,In der Wolfslach,108,710,0
933,Sandy,Schmitt,sschmitt@gmx.de,w,1998-02-18 00:00:00,7,Habitzheimer Ruh,74,978,1
934,Julia,Volkmann,juliavolkmann@gmx.de,w,1984-03-02 00:00:00,8,Fraukirch,10,1799,1
935,Janet,Schmidt,j.schmidt@gmx.de,w,1977-05-09 00:00:00,3,Am Roten Born,79,33,1
936,Jonas,Walther,waltherjonas2005@t-online.de,m,2005-08-27 00:00:00,10,Bachstraße,5,2358,0
937,Hans,Bauer,ha.bauer29@1und1.de,m,1976-11-11 00:00:00,8,Hermann-Stotz-Straße,4,2770,0
938,Cathrin,Kirsch,kirschcathrin@gmx.net,w,1989-05-26 00:00:00,3,Auf dem Emmerich,46,19,1
939,Marcel,David,marcel.david63@gmail.com,m,1963-11-16 00:00:00,7,Rosenweg,81,851,0
940,Christian,Schmidt,christian.schmidt@web.de,d,1973-05-09 00:00:00,8,Michelsberger Hof,3,2966,0
941,Julius,Wagner,j.wagner81@gmx.de,m,1981-01-05 00:00:00,11,Jahnstraße,13,2137,0
942,Boris,Hanisch,hanisch-boris@t-online.de,m,1983-11-23 00:00:00,8,Hargis Street,18,1667,0
943,Birte,Sauer,sauerb1987@t-online.de,w,1987-12-03 00:00:00,12,Johannstraße,44,235,1
944,Judith,Hensel,henseljudith@gmx.de,w,1978-08-09 00:00:00,12,Weiherstraße,154,243,1
945,Vincent,Müller,vincentmueller@t-online.de,m,2006-01-22 00:00:00,1,Kurt-van-Hees-Straße,29,1498,0
946,Ann,Kasper,ann.kasper@outlook.com,w,2002-10-20 00:00:00,10,Rosenstraße,36,3520,1
947,Christoph,Trautmann,christoph_trautmann@me.com,m,1989-01-09 00:00:00,8,Waldsteiner Hof,9,3212,0
948,Kirsten,Scholz,kscholz@gmail.com,w,1974-07-19 00:00:00,8,Auf dem Zieglers,48,1178,1
949,Anna,Fröhlich,an-froehlich@web.de,w,1998-03-23 00:00:00,12,Riemenstädterweg,2,254,1
950,Alina,Kock,akock@outlook.com,w,2001-10-11 00:00:00,13,Walnußweg,37,1558,1
951,Svenja,Zeller,szeller@web.de,w,1977-12-05 00:00:00,8,Am Sportplatz,126,361,1
952,Sarah,Simon,sarahsimon@gmx.de,w,2004-11-23 00:00:00,13,An der Lüder,226,2599,1
953,Eike,Seidel,e.seidel87@gmx.de,m,1994-11-20 00:00:00,,Hinter'm Dorfe,6,2171,0
954,Nicole,Schultze,nicole.schultze1972@web.de,w,1972-12-13 00:00:00,9,Hardertsmühle,81,544,1
955,Anett,Keller,anett-keller1964@outlook.com,w,1964-05-04 00:00:00,7,Bürgermeister-Kempf-Straße,74,856,1
956,Lara,Meyer,lara.meyer@t-online.de,w,1993-06-30 00:00:00,10,An St. Peter,7,2007,1
957,Carmen,Ulrich,ulrich-carmen@gmail.com,w,1963-08-31 00:00:00,7,Schwalbenweg,89,714,1
958,Sandra,Kübler,kueblersa@1und1.de,w,1985-12-12 00:00:00,3,Kirchenweg,4,2030,1
959,Natascha,Beer,natascha-beer1994@outlook.com,w,1994-12-17 00:00:00,10,Wilhelm-Müller-Weg,14,3115,1
960,Sara,Sauer,sara-sauer@outlook.com,w,1982-02-05 00:00:00,3,Birkenweg,18,2312,1
961,Franziska,Schwarz,franziska_schwarz2003@gmx.net,w,2003-02-19 00:00:00,9,Blauer Weg,27,1031,1
962,Simone,Roth,simoneroth@gmail.com,w,1978-02-28 00:00:00,8,Breite Gasse,81,1099,1
963,Martin,Hamann,martinhamann@gmail.com,m,1971-12-15 00:00:00,9,Altes Gericht,37,885,0
964,Julia,König,julia-koenig@gmx.de,w,1990-04-04 00:00:00,,Am Buch,161,1920,1
965,Annalena,Zimmermann,zimmermanna02@gmail.com,w,2002-04-26 00:00:00,10,Schwarzer Weg,90,302,1
966,Maike,Weber,maike-weber@web.de,w,1969-04-08 00:00:00,4,Eichgartenweg,1,910,1
967,Florian,Thiel,florianthiel@t-online.de,m,1997-09-29 00:00:00,5,Alter Wartweg,73,173,0
968,Susanne,Köhler,sukoehler1966@gmx.de,w,1966-10-20 00:00:00,7,Nordstraße,7,1281,1
969,Alissa,Rieger,riegera@gmail.com,w,2004-05-18 00:00:00,10,Schillerstraße,10,2913,1
970,Daniel,Köster,d-koester@gmx.net,m,1996-09-04 00:00:00,7,Beckersberg,42,1120,0
971,Lennard,Kremer,lennard-kremer@1und1.de,m,2001-05-01 00:00:00,10,Am Spitzgarten,31,1552,0
972,Sabine,Nagel,sanagel@s-nagel.de,w,1996-09-20 00:00:00,12,Sehrgärten,22,3520,1
973,Alexander,Bahr,bahr-al74@gmx.net,m,1974-07-05 00:00:00,8,Gaulsweg,16,2540,0
974,Marco,Ludwig,ludwig-m@web.de,m,1965-10-25 00:00:00,4,Buchenweg,24,2672,0
975,Yannis,Bach,bachya68@gmx.de,m,2002-08-03 00:00:00,10,Am Fronhof,30,2736,0
976,Mara,Ludwig,ma.ludwig2001@gmx.net,w,2001-02-13 00:00:00,12,Tulpenstraße,108,539,1
977,Miriam,Michel,miriammichel@gmail.com,w,1991-08-30 00:00:00,3,Am Weigelsgarten,44,1581,1
978,Judith,Müller,ju_mueller@web.de,w,1963-07-31 00:00:00,4,Rücklingstraße,40,176,1
979,Marcel,Noll,marcel_noll@web.de,m,1994-10-03 00:00:00,10,Ludolph-von-Dassel-Straße,20,1955,0
980,Kerstin,Böttcher,boettcher.kerstin@gmx.de,w,1991-06-21 00:00:00,3,Karlshofstraße,36,39,1
981,Mareike,Loos,mareike.loos@t-online.de,w,1985-08-13 00:00:00,3,Ringstraße,131,1123,1
982,Stella,Vollmer,s.vollmer92@t-online.de,w,1992-04-22 00:00:00,3,Philipp-Lämmermann-Straße,60,1773,1
983,Patrick,Linke,patrick.linke@t-online.de,m,1995-05-12 00:00:00,7,Waldstraße,191,1675,0
984,Constantin,Fischer,constantin.fischer72@web.de,m,2002-02-13 00:00:00,5,Adolf-Lins-Straße,6,3072,0
985,Knud,Ostermann,kostermann1955@outlook.com,m,1955-03-01 00:00:00,6,Schulweg,100,977,0
986,Daniel,Rudolph,d.rudolph1986@gmx.de,m,1986-09-30 00:00:00,4,Römerstraße,89,1086,0
987,Hans,Buchholz,habuchholz@web.de,d,1961-03-15 00:00:00,3,Carl-Trapp-Straße,23,1544,0
988,Evelin,Mayer,ev-mayer1963@outlook.com,Keine Angabe,1963-03-22 00:00:00,5,Am Anger,76,387,0
989,Hendrik,Meyer,hendrikmeyer@yahoo.mail,m,1981-10-23 00:00:00,,Bachhorststraße,106,473,0
990,Lena,Müller,lmueller@lenamueller.de,w,2005-11-27 00:00:00,1,Cheruskerweg,1,104,1
991,Victoria,Langner,langner_v@gmail.com,w,2004-07-06 00:00:00,13,Schloßwaldweg,46,1419,1
992,Martin,Hahn,martin.hahn@gmx.de,m,1988-11-06 00:00:00,8,Am Petershof,72,2787,0
993,Konrad,Scholz,konrad.scholz1989@gmx.de,m,1989-05-18 00:00:00,3,Am Webersgraben,2,2478,0
994,Petra,Michael,petra.michael67@gmx.de,w,1967-01-14 00:00:00,7,Schlachthausgasse,12,2366,1
995,Mika,Wirth,mika.wirth00@gmx.de,m,2000-02-23 00:00:00,5,Montmeyraner Straße,9,1232,0
996,Jean,Wolter,jean-wolter@gmail.com,m,1996-01-03 00:00:00,10,Breitenbrücher Weg,119,1316,0
997,Lucas,Gärtner,lucas_gaertner06@yahoo.mail,m,2006-12-29 00:00:00,5,Robert-Koch-Straße,31,1724,0
998,Martina,Schmidt,martina.schmidt@yahoo.de,w,1968-11-19 00:00:00,4,Geschwister-Scholl-Straße,28,1043,1
999,Marvin,Dietrich,ma.dietrich@outlook.com,m,2003-05-20 00:00:00,3,Am Hagelholz,52,1999,0
1000,Karin,Schäfer,kschaefer81@gmx.de,Keine Angabe,1981-04-25 00:00:00,3,Ahornweg,88,1580,0
